# Blender 5.2.2 LTS
# www.blender.org
mtllib Earth.mtl
o Earth
usemtl Earth_Mat
v -0.431688 1.433005 -0.100714
v -0.151139 1.491950 -0.035261
v -0.007999 1.499978 -0.001866
v 0.135218 1.493560 0.031547
v 0.416379 1.437773 0.097143
v 0.551615 1.388942 0.128694
v 0.920507 1.164709 0.214757
v 1.027250 1.066452 0.239661
v 1.210125 0.840172 0.282326
v 1.284495 0.714328 0.299677
v 1.452932 0.155197 0.338974
v 1.460750 0.008213 0.340798
v 1.219013 -0.826514 0.284400
v 0.818200 -1.242623 0.190889
v 0.695647 -1.318990 0.162297
v 0.431688 -1.433005 0.100714
v -0.296756 1.469344 -0.054436
v -0.158967 1.491533 -0.007634
v -0.019646 1.499358 0.039242
v 0.119863 1.492743 0.085740
v 0.258219 1.471752 0.131412
v 0.394087 1.436587 0.175819
v 0.526160 1.387588 0.218532
v 0.653166 1.325225 0.259141
v 0.773882 1.250099 0.297254
v 0.887144 1.162934 0.332504
v 0.991863 1.064570 0.364552
v 1.087030 0.955953 0.393090
v 1.171728 0.838130 0.417841
v 1.245142 0.712235 0.438569
v 1.306565 0.579481 0.455073
v 1.355404 0.441146 0.467194
v 1.391190 0.298563 0.474817
v 1.413578 0.153104 0.477866
v 1.422353 0.006171 0.476313
v 1.417430 -0.140822 0.470173
v 1.398856 -0.286458 0.459505
v 1.366810 -0.429336 0.444412
v 1.321601 -0.568078 0.425039
v 1.263664 -0.701350 0.401572
v 1.193558 -0.827868 0.374238
v 1.111957 -0.946412 0.343300
v 1.019647 -1.055843 0.309056
v 0.917518 -1.155105 0.271835
v 0.806552 -1.243242 0.231997
v 0.687819 -1.319407 0.189924
v 0.562462 -1.382865 0.146022
v -0.301968 1.468719 -0.040997
v -0.169341 1.490288 0.019116
v -0.035083 1.497505 0.079044
v 0.099513 1.490300 0.138211
v 0.233151 1.468743 0.196047
v 0.364543 1.433041 0.251995
v 0.492425 1.383538 0.305516
v 0.615564 1.320711 0.356095
v 0.732775 1.245165 0.403244
v 0.842929 1.157627 0.446510
v 0.944965 1.058940 0.485476
v 1.037900 0.950056 0.519766
v 1.120841 0.832021 0.549051
v 1.192986 0.705974 0.573048
v 1.253643 0.573128 0.591526
v 1.302226 0.434763 0.604308
v 1.338269 0.292210 0.611270
v 1.361422 0.146844 0.612345
v 1.371465 0.000063 0.607523
v 1.368300 -0.146719 0.596849
v 1.351957 -0.292087 0.580428
v 1.322594 -0.434643 0.558418
v 1.280494 -0.573012 0.531029
v 1.226062 -0.705864 0.498526
v 1.159822 -0.831917 0.461222
v 1.082413 -0.949959 0.419476
v 0.994580 -1.058851 0.373691
v 0.897168 -1.157547 0.324306
v 0.791115 -1.245095 0.271799
v 0.677444 -1.320652 0.216674
v 0.557249 -1.383490 0.159462
v -0.308410 1.467683 -0.028128
v -0.182162 1.488226 0.044730
v -0.054160 1.494437 0.117156
v 0.074364 1.486255 0.188455
v 0.202171 1.463760 0.257938
v 0.328032 1.427169 0.324938
v 0.450733 1.376833 0.388808
v 0.569094 1.313237 0.448933
v 0.681974 1.236994 0.504735
v 0.788286 1.148838 0.555677
v 0.887006 1.049618 0.601266
v 0.977184 0.940290 0.641066
v 1.057952 0.821907 0.674691
v 1.128530 0.695607 0.701819
v 1.188241 0.562609 0.722188
v 1.236507 0.424193 0.735602
v 1.272866 0.281691 0.741931
v 1.296966 0.136477 0.741116
v 1.308576 -0.010052 0.733163
v 1.307584 -0.156484 0.718149
v 1.293998 -0.301409 0.696219
v 1.267951 -0.443431 0.667584
v 1.229693 -0.581183 0.632520
v 1.179592 -0.713338 0.591365
v 1.118131 -0.838623 0.544514
v 1.045902 -0.955831 0.492419
v 0.963600 -1.063834 0.435582
v 0.872018 -1.161592 0.374550
v 0.772038 -1.248163 0.309911
v 0.664623 -1.322714 0.242288
v 0.550808 -1.384526 0.172331
v -0.316019 1.466246 -0.015953
v -0.197306 1.485367 0.068962
v -0.076694 1.490183 0.153213
v 0.044657 1.480647 0.235988
v 0.165578 1.456852 0.316490
v 0.284904 1.419027 0.393945
v 0.401487 1.367536 0.467605
v 0.514203 1.302874 0.536763
v 0.621967 1.225666 0.600751
v 0.723741 1.136653 0.658953
v 0.818545 1.036694 0.710809
v 0.905466 0.926751 0.755820
v 0.983667 0.807882 0.793552
v 1.052395 0.681234 0.823642
v 1.110987 0.548025 0.845799
v 1.158880 0.409538 0.859811
v 1.195613 0.267107 0.865543
v 1.220831 0.122103 0.862938
v 1.234292 -0.024076 0.852024
v 1.235865 -0.170024 0.832904
v 1.225537 -0.314334 0.805762
v 1.203407 -0.455617 0.770861
v 1.169686 -0.592512 0.728535
v 1.124701 -0.723701 0.679194
v 1.068885 -0.847920 0.623312
v 1.002774 -0.963973 0.561426
v 0.927007 -1.070743 0.494134
v 0.842312 -1.167200 0.422083
v 0.749504 -1.252418 0.345967
v 0.649479 -1.325573 0.266520
v 0.543199 -1.385963 0.184505
v -0.324721 1.464423 -0.004590
v -0.214628 1.481738 0.091578
v -0.102468 1.484784 0.186865
v 0.010679 1.473529 0.280352
v 0.123724 1.448084 0.371139
v 0.235577 1.408694 0.458351
v 0.345161 1.355736 0.541150
v 0.451421 1.289722 0.618737
v 0.553333 1.211288 0.690365
v 0.649917 1.121188 0.755345
v 0.740241 1.020291 0.813050
v 0.823437 0.909567 0.862925
v 0.898702 0.790084 0.904489
v 0.965313 0.662992 0.937343
v 1.022627 0.529515 0.961170
v 1.070093 0.390938 0.975740
v 1.107253 0.248597 0.980914
v 1.133749 0.103861 0.976640
v 1.149327 -0.041875 0.962961
v 1.153836 -0.187207 0.940008
v 1.147233 -0.330737 0.908002
v 1.129582 -0.471081 0.867252
v 1.101052 -0.606889 0.818150
v 1.061919 -0.736852 0.761168
v 1.012558 -0.859719 0.696856
v 0.953447 -0.974306 0.625833
v 0.885153 -1.079510 0.548783
v 0.808334 -1.174318 0.466447
v 0.723731 -1.257817 0.379620
v 0.632157 -1.329202 0.289136
v 0.534496 -1.387786 0.195868
v -0.334434 1.462231 0.005852
v -0.233960 1.477375 0.112362
v -0.131233 1.478292 0.217790
v -0.027242 1.464971 0.321120
v 0.077012 1.437542 0.421358
v 0.180523 1.396269 0.517538
v 0.282297 1.341549 0.608733
v 0.381351 1.273908 0.694066
v 0.476733 1.194000 0.772715
v 0.567524 1.102593 0.843923
v 0.652849 1.000567 0.907003
v 0.731887 0.888905 0.961348
v 0.803876 0.768683 1.006434
v 0.868124 0.641057 1.041828
v 0.924011 0.507258 1.067189
v 0.970999 0.368574 1.082272
v 1.008636 0.226340 1.086933
v 1.036560 0.081927 1.081125
v 1.054501 -0.063276 1.064906
v 1.062286 -0.207869 1.038431
v 1.059841 -0.350460 1.001955
v 1.047189 -0.489677 0.955830
v 1.024452 -0.624177 0.900500
v 0.991849 -0.752666 0.836498
v 0.949694 -0.873907 0.764439
v 0.898393 -0.986731 0.685019
v 0.838440 -1.090053 0.599002
v 0.770413 -1.182876 0.507215
v 0.694965 -1.264309 0.410545
v 0.612825 -1.333565 0.309920
v 0.524783 -1.389978 0.206310
v -0.345064 1.459691 0.015272
v -0.255117 1.472320 0.131112
v -0.162713 1.470769 0.245689
v -0.068742 1.455054 0.357899
v 0.025891 1.425326 0.466663
v 0.120275 1.381872 0.570933
v 0.213500 1.325109 0.669704
v 0.304669 1.255585 0.762026
v 0.392904 1.173969 0.847009
v 0.477355 1.081046 0.923835
v 0.557209 0.977713 0.991763
v 0.631697 0.864964 1.050141
v 0.700101 0.743885 1.098405
v 0.761763 0.615642 1.136091
v 0.816089 0.481469 1.162836
v 0.862555 0.342660 1.178382
v 0.900714 0.200551 1.182579
v 0.930199 0.056511 1.175387
v 0.950726 -0.088074 1.156877
v 0.962096 -0.231810 1.127224
v 0.964201 -0.373314 1.086716
v 0.957021 -0.511223 1.035742
v 0.940624 -0.644209 0.974794
v 0.915167 -0.770990 0.904457
v 0.880898 -0.890346 0.825411
v 0.838145 -1.001128 0.738414
v 0.787320 -1.102268 0.644307
v 0.728913 -1.192793 0.543995
v 0.663486 -1.271831 0.438444
v 0.591669 -1.338620 0.328670
v 0.514154 -1.392518 0.215731
v -0.356507 1.456828 0.023580
v -0.277894 1.466620 0.147648
v -0.196604 1.462289 0.270293
v -0.113421 1.443874 0.390336
v -0.029145 1.411555 0.506619
v 0.055411 1.365641 0.618023
v 0.139434 1.306576 0.723476
v 0.222113 1.234927 0.821961
v 0.302654 1.151386 0.912530
v 0.380280 1.056756 0.994311
v 0.454244 0.951949 1.066516
v 0.523833 0.837974 1.128450
v 0.588377 0.715929 1.179516
v 0.647255 0.586989 1.219223
v 0.699899 0.452396 1.247188
v 0.745803 0.313447 1.263142
v 0.784525 0.171478 1.266932
v 0.815691 0.027858 1.258519
v 0.839002 -0.116030 1.237988
v 0.854232 -0.258800 1.205533
v 0.861236 -0.399079 1.161468
v 0.859946 -0.535514 1.106218
v 0.850373 -0.666791 1.040315
v 0.832612 -0.791647 0.964392
v 0.806832 -0.908879 0.879182
v 0.773281 -1.017358 0.785505
v 0.732284 -1.116040 0.684263
v 0.684234 -1.203973 0.576431
v 0.629594 -1.280311 0.463048
v 0.568892 -1.344319 0.345206
v 0.502710 -1.395381 0.224039
v -0.368655 1.453668 0.030696
v -0.302072 1.460332 0.161811
v -0.232580 1.452932 0.291367
v -0.160848 1.431540 0.418117
v -0.087567 1.396361 0.540841
v -0.013443 1.347734 0.658356
v 0.060811 1.286128 0.769530
v 0.134479 1.212136 0.873294
v 0.206852 1.126470 0.968647
v 0.277233 1.029956 1.054672
v 0.344944 0.923522 1.130540
v 0.409333 0.808195 1.195520
v 0.469780 0.685084 1.248986
v 0.525702 0.555376 1.290424
v 0.576562 0.420319 1.319435
v 0.621869 0.281214 1.335738
v 0.661188 0.139401 1.339178
v 0.694138 -0.003755 1.329720
v 0.720404 -0.146874 1.307458
v 0.739732 -0.288579 1.272603
v 0.751936 -0.427505 1.225492
v 0.756898 -0.562314 1.166580
v 0.754571 -0.691707 1.096432
v 0.744977 -0.814439 1.015725
v 0.728209 -0.929327 0.925237
v 0.704427 -1.035266 0.825837
v 0.673862 -1.131234 0.718485
v 0.636806 -1.216308 0.604213
v 0.593618 -1.289668 0.484122
v 0.544713 -1.350608 0.359369
v 0.490563 -1.398541 0.231155
v -0.381390 1.450243 0.036551
v -0.327419 1.453515 0.173464
v -0.270295 1.442789 0.308706
v -0.210567 1.418168 0.440976
v -0.148812 1.379890 0.568998
v -0.085624 1.328322 0.691541
v -0.021611 1.263962 0.807424
v 0.042610 1.187429 0.915531
v 0.106420 1.099460 1.014821
v 0.169206 1.000904 1.104337
v 0.230362 0.892707 1.183219
v 0.289300 0.775914 1.250705
v 0.345451 0.651648 1.306146
v 0.398276 0.521107 1.349008
v 0.447265 0.385547 1.378879
v 0.491947 0.246273 1.395470
v 0.531891 0.104628 1.398623
v 0.566712 -0.038024 1.388305
v 0.596076 -0.180310 1.364618
v 0.619699 -0.320860 1.327788
v 0.637354 -0.458320 1.278171
v 0.648871 -0.591366 1.216245
v 0.654140 -0.718717 1.142606
v 0.653108 -0.839146 1.057962
v 0.645786 -0.951494 0.963130
v 0.632246 -1.054678 0.859023
v 0.612616 -1.147705 0.746642
v 0.587087 -1.229679 0.627071
v 0.555904 -1.299811 0.501461
v 0.519367 -1.357424 0.371022
v 0.477828 -1.401965 0.237009
v -0.394589 1.446586 0.041088
v -0.353690 1.446236 0.182495
v -0.309385 1.431958 0.322144
v -0.262100 1.403890 0.458691
v -0.212291 1.362301 0.590821
v -0.160438 1.307592 0.717260
v -0.107039 1.240291 0.836792
v -0.052610 1.161045 0.948265
v 0.002326 1.070618 1.050606
v 0.057240 0.969879 1.142829
v 0.111602 0.859801 1.224046
v 0.164890 0.741442 1.293474
v 0.216589 0.615942 1.350446
v 0.266203 0.484511 1.394412
v 0.313253 0.348414 1.424949
v 0.357286 0.208961 1.441763
v 0.397878 0.067496 1.444693
v 0.434639 -0.074620 1.433708
v 0.467214 -0.216016 1.408917
v 0.495289 -0.355332 1.370557
v 0.518594 -0.491227 1.318998
v 0.536905 -0.622390 1.254736
v 0.550045 -0.747560 1.178391
v 0.557888 -0.865530 1.090696
v 0.560359 -0.975164 0.992498
v 0.557433 -1.075408 0.884742
v 0.549138 -1.165294 0.768465
v 0.535555 -1.243958 0.644787
v 0.516814 -1.310642 0.514899
v 0.493096 -1.364704 0.380053
v 0.464629 -1.405623 0.241547
v -0.408125 1.442732 0.044265
v -0.380632 1.438564 0.188818
v -0.349473 1.420543 0.331552
v -0.314949 1.388841 0.471093
v -0.277391 1.343763 0.606098
v -0.237163 1.285745 0.735265
v -0.194650 1.215344 0.857351
v -0.150262 1.133238 0.971181
v -0.104428 1.040219 1.075658
v -0.057587 0.937182 1.169775
v -0.010193 0.825119 1.252627
v 0.037300 0.705110 1.323415
v 0.084434 0.578311 1.381458
v 0.130755 0.445942 1.426197
v 0.175816 0.309278 1.457201
v 0.219185 0.169636 1.474171
v 0.260442 0.028360 1.476945
v 0.299191 -0.113189 1.465494
v 0.335059 -0.253648 1.439930
v 0.367700 -0.391664 1.400499
v 0.396800 -0.525908 1.347579
v 0.422078 -0.655088 1.281682
v 0.443292 -0.777958 1.203442
v 0.460236 -0.893337 1.113612
v 0.472748 -1.000112 1.013058
v 0.480707 -1.097255 0.902747
v 0.484037 -1.183831 0.783742
v 0.482706 -1.259007 0.657189
v 0.476725 -1.322057 0.524307
v 0.466154 -1.372375 0.386376
v 0.451093 -1.409477 0.244723
v -0.421868 1.438717 0.046050
v -0.407986 1.430574 0.192370
v -0.390175 1.408653 0.336838
v -0.368606 1.373166 0.478062
v -0.343487 1.324455 0.614682
v -0.315060 1.262989 0.745382
v -0.283599 1.189360 0.868904
v -0.249407 1.104276 0.984058
v -0.212813 1.008558 1.089735
v -0.174170 0.903126 1.184917
v -0.133849 0.788997 1.268687
v -0.092239 0.667270 1.340240
v -0.049741 0.539116 1.398885
v -0.006763 0.405770 1.444058
v 0.036279 0.268517 1.475325
v 0.078972 0.128677 1.492382
v 0.120905 -0.012401 1.495068
v 0.161673 -0.153360 1.483355
v 0.200884 -0.292843 1.457357
v 0.238160 -0.429505 1.417323
v 0.273143 -0.562030 1.363640
v 0.305496 -0.689143 1.296824
v 0.334906 -0.809620 1.217520
v 0.361091 -0.922299 1.126489
v 0.383798 -1.026096 1.024610
v 0.402810 -1.120011 0.912864
v 0.417942 -1.203139 0.792326
v 0.429049 -1.274681 0.664158
v 0.436024 -1.333947 0.529593
v 0.438799 -1.380366 0.389928
v 0.437349 -1.413492 0.246508
v -0.435686 1.434581 0.046426
v -0.435488 1.422341 0.193119
v -0.431097 1.396404 0.337953
v -0.422554 1.357018 0.479531
v -0.409941 1.304564 0.616492
v -0.393381 1.239545 0.747515
v -0.373032 1.162590 0.871339
v -0.349090 1.074438 0.986772
v -0.321787 0.975938 1.092702
v -0.291384 0.868040 1.188108
v -0.258176 0.751782 1.272073
v -0.222481 0.628284 1.343786
v -0.184643 0.498735 1.402558
v -0.145027 0.364383 1.447823
v -0.104015 0.226522 1.479145
v -0.062001 0.086480 1.496221
v -0.019389 -0.054396 1.498888
v 0.023409 -0.194747 1.487120
v 0.065981 -0.333223 1.461030
v 0.107919 -0.468490 1.420869
v 0.148816 -0.599246 1.367025
v 0.188281 -0.724230 1.300016
v 0.225933 -0.842239 1.220487
v 0.261408 -0.952137 1.129204
v 0.294366 -1.052866 1.027045
v 0.324489 -1.143454 0.914997
v 0.351488 -1.223031 0.794136
v 0.375101 -1.290829 0.665627
v 0.395101 -1.346196 0.530708
v 0.411297 -1.388599 0.390677
v 0.423532 -1.417628 0.246885
v -0.449445 1.430363 0.045390
v -0.462874 1.413946 0.191057
v -0.471846 1.383913 0.334884
v -0.476273 1.340551 0.475486
v -0.476114 1.284279 0.611509
v -0.471369 1.215639 0.741642
v -0.462085 1.135291 0.864633
v -0.448351 1.044010 0.979297
v -0.430299 0.942675 1.084530
v -0.408102 0.832261 1.179319
v -0.381976 0.713832 1.262750
v -0.352171 0.588529 1.334020
v -0.318974 0.457557 1.392442
v -0.282706 0.322180 1.437455
v -0.243715 0.183699 1.468625
v -0.202376 0.043449 1.485650
v -0.159089 -0.097219 1.488368
v -0.114270 -0.236951 1.476752
v -0.068350 -0.374401 1.450914
v -0.021772 -0.508245 1.411103
v 0.025016 -0.637195 1.357702
v 0.071563 -0.760008 1.291226
v 0.117421 -0.875502 1.212315
v 0.162147 -0.982564 1.121729
v 0.205313 -1.080164 1.020339
v 0.246501 -1.167361 0.909124
v 0.285315 -1.243315 0.789153
v 0.321381 -1.307297 0.661581
v 0.354352 -1.358688 0.527639
v 0.383911 -1.396993 0.388615
v 0.409772 -1.421846 0.245848
v -0.463013 1.426104 0.042951
v -0.489880 1.405470 0.186203
v -0.512029 1.371300 0.327662
v -0.529247 1.323924 0.465965
v -0.541368 1.263797 0.599781
v -0.548275 1.191500 0.727820
v -0.549902 1.107728 0.848850
v -0.546233 1.013287 0.961706
v -0.537304 0.909089 1.065299
v -0.523200 0.796135 1.158633
v -0.504058 0.675514 1.240809
v -0.480061 0.548387 1.311035
v -0.451440 0.415979 1.368635
v -0.418473 0.279565 1.413055
v -0.381475 0.140459 1.443866
v -0.340803 0.000000 1.460771
v -0.296849 -0.140459 1.463609
v -0.250037 -0.279565 1.452351
v -0.200816 -0.415979 1.427107
v -0.149661 -0.548387 1.388118
v -0.097065 -0.675514 1.335762
v -0.043535 -0.796135 1.270541
v 0.010415 -0.909089 1.193084
v 0.064265 -1.013287 1.104137
v 0.117496 -1.107728 1.004557
v 0.169595 -1.191500 0.895302
v 0.220061 -1.263797 0.777425
v 0.268408 -1.323924 0.652061
v 0.314169 -1.371300 0.520417
v 0.356905 -1.405470 0.383761
v 0.396204 -1.426104 0.243410
v -0.476260 1.421846 0.039134
v -0.516245 1.396993 0.178605
v -0.551260 1.358688 0.316356
v -0.580965 1.307297 0.451061
v -0.605075 1.243316 0.581422
v -0.623357 1.167361 0.706183
v -0.635637 1.080164 0.824143
v -0.641795 0.982564 0.934166
v -0.641772 0.875502 1.035193
v -0.635569 0.760008 1.126250
v -0.623244 0.637195 1.206461
v -0.604918 0.508245 1.275053
v -0.580766 0.374401 1.331365
v -0.551021 0.236951 1.374856
v -0.515969 0.097219 1.405107
v -0.475948 -0.043449 1.421825
v -0.431343 -0.183699 1.424850
v -0.382584 -0.322180 1.414153
v -0.330141 -0.457557 1.389837
v -0.274519 -0.588529 1.352136
v -0.216252 -0.713832 1.301414
v -0.155903 -0.832261 1.238158
v -0.094053 -0.942675 1.162978
v -0.031297 -1.044010 1.076597
v 0.031761 -1.135291 0.979849
v 0.094513 -1.215639 0.873664
v 0.156354 -1.284279 0.759066
v 0.216690 -1.340551 0.637157
v 0.274939 -1.383913 0.509111
v 0.330540 -1.413946 0.376163
v 0.382958 -1.430363 0.239592
v -0.489057 1.417628 0.033974
v -0.541717 1.388599 0.168336
v -0.589159 1.346196 0.301076
v -0.630928 1.290829 0.430917
v -0.666621 1.223031 0.556607
v -0.695893 1.143454 0.676938
v -0.718464 1.052866 0.790749
v -0.734116 0.952137 0.896944
v -0.742697 0.842239 0.994502
v -0.744126 0.724230 1.082482
v -0.738389 0.599246 1.160037
v -0.725541 0.468490 1.226420
v -0.705705 0.333223 1.280993
v -0.679073 0.194747 1.323228
v -0.645901 0.054396 1.352721
v -0.606509 -0.086480 1.369185
v -0.561275 -0.226522 1.372464
v -0.510637 -0.364383 1.362525
v -0.455080 -0.498735 1.339464
v -0.395141 -0.628284 1.303504
v -0.331397 -0.751782 1.254990
v -0.264461 -0.868040 1.194390
v -0.194978 -0.975938 1.122287
v -0.123617 -1.074438 1.039376
v -0.051066 -1.162590 0.946455
v 0.021977 -1.239545 0.844419
v 0.094808 -1.304564 0.734251
v 0.166726 -1.357018 0.617012
v 0.237039 -1.396404 0.493831
v 0.305069 -1.422341 0.365894
v 0.370161 -1.434581 0.234433
v -0.501282 1.413492 0.027522
v -0.566048 1.380366 0.155494
v -0.625364 1.333947 0.281968
v -0.678656 1.274681 0.405726
v -0.725413 1.203139 0.525578
v -0.765184 1.120011 0.640367
v -0.797585 1.026096 0.748989
v -0.822306 0.922299 0.850399
v -0.839107 0.809620 0.943618
v -0.847827 0.689143 1.027750
v -0.848382 0.562030 1.101984
v -0.840767 0.429505 1.165605
v -0.825054 0.292843 1.218001
v -0.801396 0.153360 1.258667
v -0.770020 0.012401 1.287212
v -0.731229 -0.128677 1.303360
v -0.685395 -0.268517 1.306956
v -0.632960 -0.405770 1.297964
v -0.574430 -0.539116 1.276473
v -0.510368 -0.667270 1.242689
v -0.441390 -0.788997 1.196937
v -0.368162 -0.903126 1.139658
v -0.291388 -1.008558 1.071403
v -0.211808 -1.104276 0.992830
v -0.130188 -1.189360 0.904696
v -0.047314 -1.262989 0.807849
v 0.036016 -1.324455 0.703222
v 0.118998 -1.373166 0.591822
v 0.200835 -1.408653 0.474723
v 0.280737 -1.430574 0.353052
v 0.357936 -1.438717 0.227981
v -0.512816 1.409477 0.019840
v -0.589006 1.372375 0.140203
v -0.659524 1.322057 0.259216
v -0.723690 1.259007 0.375732
v -0.780886 1.183831 0.488631
v -0.830562 1.097255 0.596823
v -0.872240 1.000112 0.699267
v -0.905517 0.893337 0.794977
v -0.930073 0.777958 0.883032
v -0.945673 0.655088 0.962581
v -0.952165 0.525908 1.032861
v -0.949487 0.391664 1.093194
v -0.937665 0.253648 1.142999
v -0.916813 0.113189 1.181796
v -0.887132 -0.028360 1.209212
v -0.848907 -0.169636 1.224982
v -0.802506 -0.309278 1.228955
v -0.748377 -0.445942 1.221092
v -0.687041 -0.578311 1.201470
v -0.619088 -0.705110 1.170277
v -0.545173 -0.825119 1.127814
v -0.466007 -0.937182 1.074489
v -0.382354 -1.040219 1.010816
v -0.295018 -1.133238 0.937409
v -0.204842 -1.215344 0.854973
v -0.112692 -1.285745 0.764304
v -0.019457 -1.343763 0.666275
v 0.073965 -1.388841 0.561828
v 0.166675 -1.420543 0.451971
v 0.257779 -1.438564 0.337761
v 0.346401 -1.442732 0.220298
v -0.523549 1.405623 0.011001
v -0.610369 1.364704 0.122611
v -0.691311 1.310642 0.233040
v -0.765594 1.243958 0.341224
v -0.832505 1.165294 0.446123
v -0.891398 1.075408 0.546724
v -0.941707 0.975164 0.642061
v -0.982947 0.865530 0.731214
v -1.014720 0.747560 0.813325
v -1.036721 0.622390 0.887604
v -1.048737 0.491227 0.953334
v -1.050654 0.355332 1.009883
v -1.042452 0.216016 1.056707
v -1.024211 0.074620 1.093354
v -0.996107 -0.067496 1.119471
v -0.958409 -0.208961 1.134807
v -0.911481 -0.348414 1.139215
v -0.855775 -0.484511 1.132650
v -0.791828 -0.615942 1.115178
v -0.720255 -0.741442 1.086967
v -0.641745 -0.859801 1.048287
v -0.557055 -0.969879 0.999511
v -0.467001 -1.070618 0.941110
v -0.372448 -1.161045 0.873645
v -0.274309 -1.240291 0.797767
v -0.173528 -1.307592 0.714206
v -0.071076 -1.362301 0.623767
v 0.032060 -1.403890 0.527320
v 0.134888 -1.431958 0.425795
v 0.236416 -1.446236 0.320169
v 0.335668 -1.446586 0.211460
v -0.533378 1.401965 0.001091
v -0.629931 1.357424 0.102887
v -0.720418 1.299811 0.203691
v -0.803967 1.229679 0.302533
v -0.879773 1.147705 0.398463
v -0.947107 1.054678 0.490554
v -1.005319 0.951494 0.577921
v -1.053850 0.839146 0.659723
v -1.092232 0.718717 0.735171
v -1.120094 0.591366 0.803539
v -1.137170 0.458320 0.864169
v -1.143293 0.320860 0.916476
v -1.138407 0.180310 0.959957
v -1.122557 0.038024 0.994193
v -1.095896 -0.104628 1.018854
v -1.058681 -0.246273 1.033704
v -1.011271 -0.385547 1.038598
v -0.954121 -0.521107 1.033489
v -0.887783 -0.651648 1.018428
v -0.812894 -0.775914 0.993559
v -0.730177 -0.892707 0.959121
v -0.640429 -1.000904 0.915447
v -0.544512 -1.099461 0.862956
v -0.443352 -1.187429 0.802154
v -0.337921 -1.263962 0.733628
v -0.229237 -1.328322 0.658036
v -0.118345 -1.379890 0.576107
v -0.006313 -1.418168 0.488629
v 0.105780 -1.442789 0.396446
v 0.216854 -1.453515 0.300445
v 0.325840 -1.450243 0.201550
v -0.542207 1.398541 -0.009794
v -0.647504 1.350608 0.081220
v -0.746566 1.289668 0.171452
v -0.838438 1.216308 0.260033
v -0.922235 1.131234 0.346110
v -0.997151 1.035266 0.428853
v -1.062463 0.929327 0.507466
v -1.117544 0.814439 0.581192
v -1.161862 0.691707 0.649322
v -1.194990 0.562314 0.711197
v -1.216610 0.427505 0.766224
v -1.226514 0.288579 0.813871
v -1.224605 0.146874 0.853680
v -1.210903 0.003755 0.885268
v -1.185539 -0.139401 0.908330
v -1.148758 -0.281214 0.922645
v -1.100914 -0.420319 0.928074
v -1.042467 -0.555376 0.924565
v -0.973980 -0.685084 0.912152
v -0.896114 -0.808195 0.890954
v -0.809618 -0.923522 0.861176
v -0.715325 -1.029956 0.823105
v -0.614142 -1.126470 0.777106
v -0.507045 -1.212136 0.723624
v -0.395065 -1.286128 0.663173
v -0.279281 -1.347734 0.596335
v -0.160806 -1.396361 0.523754
v -0.040783 -1.431540 0.446129
v 0.079632 -1.452932 0.364207
v 0.199281 -1.460332 0.278778
v 0.317011 -1.453668 0.190664
v -0.549951 1.395381 -0.021551
v -0.662919 1.344319 0.057820
v -0.769503 1.280311 0.136634
v -0.868675 1.203973 0.214132
v -0.959482 1.116040 0.289568
v -1.041048 1.017358 0.362216
v -1.112589 0.908879 0.431374
v -1.173415 0.791647 0.496379
v -1.222940 0.666791 0.556603
v -1.260687 0.535514 0.611467
v -1.286294 0.399079 0.660442
v -1.299513 0.258800 0.703057
v -1.300216 0.116030 0.738900
v -1.288398 -0.027858 0.767628
v -1.264172 -0.171478 0.788964
v -1.227772 -0.313447 0.802700
v -1.179547 -0.452396 0.808707
v -1.119962 -0.586989 0.806925
v -1.049592 -0.715929 0.797372
v -0.969113 -0.837974 0.780140
v -0.879302 -0.951949 0.755395
v -0.781022 -1.056756 0.723375
v -0.675221 -1.151386 0.684388
v -0.562916 -1.234927 0.638810
v -0.445191 -1.306576 0.587081
v -0.323178 -1.365641 0.529697
v -0.198053 -1.411555 0.467212
v -0.071021 -1.443874 0.400228
v 0.056696 -1.462289 0.329389
v 0.183866 -1.466620 0.255378
v 0.309266 -1.456828 0.178908
v -0.556537 1.392518 -0.034065
v -0.676027 1.338620 0.032912
v -0.789007 1.271831 0.099572
v -0.894387 1.192793 0.165273
v -0.991155 1.102268 0.229383
v -1.078377 1.001128 0.291283
v -1.155213 0.890346 0.350378
v -1.220925 0.770990 0.406099
v -1.274878 0.644209 0.457909
v -1.316553 0.511223 0.505309
v -1.345550 0.373314 0.547843
v -1.361588 0.231810 0.585101
v -1.364513 0.088074 0.616723
v -1.354296 -0.056511 0.642407
v -1.331038 -0.200551 0.661904
v -1.294961 -0.342660 0.675025
v -1.246413 -0.481469 0.681647
v -1.185860 -0.615641 0.681703
v -1.113888 -0.743885 0.675195
v -1.031188 -0.864964 0.662184
v -0.938558 -0.977713 0.642796
v -0.836888 -1.081046 0.617217
v -0.727159 -1.173969 0.585694
v -0.610427 -1.255585 0.548531
v -0.487816 -1.325109 0.506085
v -0.360507 -1.381872 0.458765
v -0.229726 -1.425326 0.407027
v -0.096733 -1.455054 0.351369
v 0.037192 -1.470769 0.292327
v 0.170758 -1.472320 0.230470
v 0.302680 -1.459691 0.166393
v -0.561901 1.389978 -0.047217
v -0.686702 1.333565 0.006736
v -0.804890 1.264309 0.060623
v -0.915327 1.182876 0.113926
v -1.016949 1.090053 0.166133
v -1.108777 0.986731 0.216739
v -1.189926 0.873907 0.265258
v -1.259616 0.752666 0.311223
v -1.317176 0.624177 0.354190
v -1.362050 0.489677 0.393746
v -1.393807 0.350460 0.429511
v -1.412141 0.207869 0.461138
v -1.416875 0.063276 0.488325
v -1.407963 -0.081927 0.510809
v -1.385493 -0.226340 0.528374
v -1.349679 -0.368574 0.540850
v -1.300868 -0.507258 0.548117
v -1.239527 -0.641057 0.550106
v -1.166250 -0.768683 0.546797
v -1.081741 -0.888905 0.538222
v -0.986815 -1.000567 0.524463
v -0.882384 -1.102593 0.505654
v -0.769457 -1.194000 0.481975
v -0.649118 -1.273908 0.453654
v -0.522528 -1.341549 0.420964
v -0.390907 -1.396269 0.384221
v -0.255520 -1.437542 0.343777
v -0.117673 -1.464971 0.300022
v 0.021308 -1.478292 0.253378
v 0.160083 -1.477375 0.204294
v 0.297317 -1.462231 0.153242
v -0.565990 1.387786 -0.060879
v -0.694841 1.329202 -0.020457
v -0.817001 1.257817 0.020162
v -0.931293 1.174318 0.060586
v -1.036615 1.079510 0.100428
v -1.131955 0.974306 0.139301
v -1.216393 0.859719 0.176834
v -1.289117 0.736852 0.212663
v -1.349426 0.606889 0.246445
v -1.396739 0.471082 0.277852
v -1.430601 0.330737 0.306585
v -1.450685 0.187207 0.332364
v -1.456798 0.041875 0.354943
v -1.448882 -0.103861 0.374103
v -1.427013 -0.248597 0.389661
v -1.391399 -0.390938 0.401465
v -1.342387 -0.529515 0.409404
v -1.280446 -0.662992 0.413400
v -1.206174 -0.790084 0.413414
v -1.120286 -0.909567 0.409447
v -1.023609 -1.020291 0.401537
v -0.917073 -1.121188 0.389760
v -0.801707 -1.211288 0.374229
v -0.678619 -1.289722 0.355094
v -0.548995 -1.355736 0.332540
v -0.414085 -1.408694 0.306783
v -0.275187 -1.448084 0.278072
v -0.133638 -1.473529 0.246682
v 0.009197 -1.484784 0.212917
v 0.151944 -1.481738 0.177101
v 0.293228 -1.464423 0.139580
v -0.568766 1.385963 -0.074920
v -0.700366 1.325573 -0.048404
v -0.825222 1.252418 -0.021422
v -0.942130 1.167200 0.005767
v -1.049966 1.070743 0.032900
v -1.147689 0.963973 0.059716
v -1.234359 0.847920 0.085956
v -1.309142 0.723701 0.111370
v -1.371318 0.592512 0.135710
v -1.420286 0.455617 0.158744
v -1.455577 0.314334 0.180249
v -1.476849 0.170024 0.200018
v -1.483899 0.024076 0.217860
v -1.476658 -0.122103 0.233605
v -1.455196 -0.267107 0.247100
v -1.419719 -0.409538 0.258215
v -1.370571 -0.548025 0.266843
v -1.308222 -0.681234 0.272902
v -1.233274 -0.807882 0.276332
v -1.146450 -0.926751 0.277101
v -1.048585 -1.036694 0.275201
v -0.940621 -1.136653 0.270651
v -0.823599 -1.225666 0.263495
v -0.698644 -1.302874 0.253801
v -0.566962 -1.367535 0.241663
v -0.429819 -1.419027 0.227197
v -0.288537 -1.456852 0.210544
v -0.144476 -1.480647 0.191862
v 0.000976 -1.490183 0.171333
v 0.146419 -1.485367 0.149154
v 0.290452 -1.466246 0.125539
v -0.570201 1.384526 -0.089205
v -0.703224 1.322714 -0.076836
v -0.829474 1.248163 -0.063727
v -0.947736 1.161592 -0.050005
v -1.056870 1.063834 -0.035800
v -1.155827 0.955831 -0.021252
v -1.243652 0.838623 -0.006498
v -1.319499 0.713338 0.008318
v -1.382641 0.581183 0.023054
v -1.432465 0.443431 0.037568
v -1.468495 0.301409 0.051720
v -1.490382 0.156484 0.065374
v -1.497916 0.010052 0.078398
v -1.491024 -0.136477 0.090668
v -1.469773 -0.281691 0.102064
v -1.434367 -0.424193 0.112477
v -1.385148 -0.562609 0.121808
v -1.322588 -0.695607 0.129964
v -1.247291 -0.821906 0.136870
v -1.159983 -0.940290 0.142457
v -1.061503 -1.049618 0.146672
v -0.952800 -1.148838 0.149475
v -0.834921 -1.236994 0.150838
v -0.709001 -1.313237 0.150749
v -0.576254 -1.376833 0.149208
v -0.437957 -1.427169 0.146230
v -0.295442 -1.463760 0.141844
v -0.150081 -1.486255 0.136091
v -0.003276 -1.494437 0.129028
v 0.143562 -1.488226 0.120722
v 0.289016 -1.467683 0.111254
v -0.570283 1.383490 -0.103595
v -0.703387 1.320652 -0.105479
v -0.829716 1.245095 -0.106347
v -0.948055 1.157547 -0.106190
v -1.057263 1.058851 -0.105011
v -1.156290 0.949959 -0.102821
v -1.244181 0.831917 -0.099640
v -1.320089 0.705864 -0.095500
v -1.383285 0.573012 -0.090440
v -1.433158 0.434643 -0.084509
v -1.469230 0.292087 -0.077765
v -1.491152 0.146719 -0.070271
v -1.498713 -0.000063 -0.062100
v -1.491842 -0.146843 -0.053332
v -1.470603 -0.292210 -0.044050
v -1.435201 -0.434763 -0.034343
v -1.385978 -0.573128 -0.024306
v -1.323406 -0.705974 -0.014035
v -1.248089 -0.832021 -0.003629
v -1.160753 -0.950056 0.006813
v -1.062238 -1.058940 0.017188
v -0.953493 -1.157627 0.027398
v -0.835566 -1.245165 0.037345
v -0.709591 -1.320711 0.046931
v -0.576783 -1.383538 0.056066
v -0.438420 -1.433041 0.064661
v -0.295835 -1.468743 0.072633
v -0.150400 -1.490300 0.079905
v -0.003518 -1.497505 0.086408
v 0.143399 -1.490288 0.092079
v 0.288935 -1.468719 0.096863
v -0.569010 1.382865 -0.117954
v -0.700853 1.319407 -0.134058
v -0.825946 1.243242 -0.148871
v -0.943084 1.155105 -0.162250
v -1.051141 1.055843 -0.174066
v -1.149074 0.946413 -0.184206
v -1.235941 0.827868 -0.192573
v -1.310905 0.701350 -0.199084
v -1.373245 0.568078 -0.203679
v -1.422359 0.429336 -0.206311
v -1.457776 0.286458 -0.206957
v -1.479153 0.140822 -0.205610
v -1.486285 -0.006171 -0.202282
v -1.479103 -0.153104 -0.197007
v -1.457677 -0.298563 -0.189834
v -1.422213 -0.441146 -0.180833
v -1.373052 -0.579481 -0.170091
v -1.310667 -0.712234 -0.157710
v -1.235660 -0.838129 -0.143811
v -1.148754 -0.955953 -0.128526
v -1.050784 -1.064570 -0.112004
v -0.942694 -1.162934 -0.094404
v -0.825526 -1.250099 -0.075894
v -0.700407 -1.325224 -0.056653
v -0.568543 -1.387588 -0.036866
v -0.431204 -1.436587 -0.016725
v -0.289712 -1.471752 0.003578
v -0.145430 -1.492743 0.023846
v 0.000253 -1.499358 0.043884
v 0.145933 -1.491533 0.063500
v 0.290208 -1.469344 0.082504
v -0.566395 1.382655 -0.132142
v -0.695647 1.318990 -0.162297
v -0.818200 1.242623 -0.190889
v -0.932873 1.154288 -0.217643
v -1.038562 1.054836 -0.242300
v -1.134249 0.945227 -0.264624
v -1.219012 0.826514 -0.284400
v -1.292036 0.699841 -0.301437
v -1.352618 0.566428 -0.315571
v -1.400172 0.427561 -0.326665
v -1.434242 0.284576 -0.334614
v -1.454499 0.138850 -0.339340
v -1.460749 -0.008213 -0.340798
v -1.452931 -0.155197 -0.338974
v -1.431121 -0.300687 -0.333886
v -1.395528 -0.443280 -0.325582
v -1.346496 -0.581605 -0.314142
v -1.284495 -0.714328 -0.299677
v -1.210125 -0.840172 -0.282326
v -1.124100 -0.957925 -0.262256
v -1.027250 -1.066452 -0.239661
v -0.920506 -1.164709 -0.214757
v -0.804898 -1.251749 -0.187786
v -0.681538 -1.326734 -0.159005
v -0.551615 -1.388942 -0.128694
v -0.416379 -1.437773 -0.097143
v -0.277133 -1.472758 -0.064656
v -0.135218 -1.493560 -0.031547
v 0.007999 -1.499978 0.001866
v 0.151139 -1.491950 0.035261
v 0.292823 -1.469553 0.068317
v -0.562462 1.382865 -0.146022
v -0.687819 1.319407 -0.189924
v -0.806552 1.243242 -0.231997
v -0.917518 1.155105 -0.271835
v -1.019647 1.055843 -0.309056
v -1.111957 0.946413 -0.343300
v -1.193558 0.827868 -0.374238
v -1.263664 0.701350 -0.401572
v -1.321601 0.568078 -0.425039
v -1.366809 0.429336 -0.444412
v -1.398855 0.286458 -0.459505
v -1.417429 0.140822 -0.470173
v -1.422353 -0.006171 -0.476313
v -1.413578 -0.153104 -0.477866
v -1.391190 -0.298563 -0.474817
v -1.355404 -0.441146 -0.467195
v -1.306565 -0.579481 -0.455073
v -1.245142 -0.712234 -0.438569
v -1.171728 -0.838129 -0.417841
v -1.087030 -0.955953 -0.393090
v -0.991863 -1.064570 -0.364552
v -0.887144 -1.162934 -0.332504
v -0.773882 -1.250099 -0.297254
v -0.653166 -1.325224 -0.259141
v -0.526160 -1.387588 -0.218532
v -0.394087 -1.436587 -0.175819
v -0.258219 -1.471752 -0.131412
v -0.119863 -1.492743 -0.085740
v 0.019646 -1.499358 -0.039242
v 0.158967 -1.491533 0.007634
v 0.296756 -1.469344 0.054436
v -0.557249 1.383490 -0.159462
v -0.677444 1.320652 -0.216674
v -0.791115 1.245095 -0.271799
v -0.897168 1.157547 -0.324306
v -0.994580 1.058851 -0.373691
v -1.082413 0.949959 -0.419476
v -1.159822 0.831917 -0.461222
v -1.226062 0.705864 -0.498526
v -1.280494 0.573012 -0.531029
v -1.322594 0.434643 -0.558417
v -1.351957 0.292087 -0.580428
v -1.368299 0.146719 -0.596849
v -1.371465 -0.000063 -0.607522
v -1.361422 -0.146843 -0.612345
v -1.338269 -0.292210 -0.611270
v -1.302226 -0.434763 -0.604308
v -1.253643 -0.573128 -0.591526
v -1.192986 -0.705974 -0.573048
v -1.120840 -0.832021 -0.549051
v -1.037900 -0.950055 -0.519766
v -0.944965 -1.058940 -0.485476
v -0.842928 -1.157627 -0.446510
v -0.732775 -1.245165 -0.403244
v -0.615564 -1.320711 -0.356095
v -0.492424 -1.383538 -0.305516
v -0.364543 -1.433041 -0.251995
v -0.233151 -1.468743 -0.196047
v -0.099513 -1.490300 -0.138211
v 0.035083 -1.497505 -0.079044
v 0.169341 -1.490288 -0.019116
v 0.301968 -1.468719 0.040997
v -0.550808 1.384526 -0.172331
v -0.664623 1.322714 -0.242288
v -0.772038 1.248163 -0.309911
v -0.872018 1.161592 -0.374550
v -0.963600 1.063834 -0.435582
v -1.045902 0.955831 -0.492419
v -1.118131 0.838623 -0.544514
v -1.179592 0.713338 -0.591365
v -1.229693 0.581183 -0.632520
v -1.267951 0.443431 -0.667584
v -1.293998 0.301409 -0.696219
v -1.307583 0.156484 -0.718149
v -1.308576 0.010052 -0.733163
v -1.296966 -0.136477 -0.741116
v -1.272866 -0.281691 -0.741931
v -1.236507 -0.424193 -0.735602
v -1.188241 -0.562609 -0.722188
v -1.128530 -0.695607 -0.701819
v -1.057951 -0.821906 -0.674691
v -0.977184 -0.940290 -0.641066
v -0.887006 -1.049618 -0.601266
v -0.788285 -1.148838 -0.555677
v -0.681974 -1.236994 -0.504736
v -0.569093 -1.313237 -0.448933
v -0.450733 -1.376833 -0.388808
v -0.328032 -1.427169 -0.324938
v -0.202171 -1.463760 -0.257938
v -0.074364 -1.486255 -0.188455
v 0.054160 -1.494437 -0.117156
v 0.182162 -1.488226 -0.044730
v 0.308410 -1.467683 0.028128
v -0.543199 1.385963 -0.184505
v -0.649479 1.325573 -0.266520
v -0.749504 1.252418 -0.345968
v -0.842311 1.167200 -0.422083
v -0.927007 1.070743 -0.494134
v -1.002774 0.963973 -0.561426
v -1.068885 0.847920 -0.623312
v -1.124701 0.723701 -0.679194
v -1.169686 0.592512 -0.728536
v -1.203406 0.455617 -0.770861
v -1.225537 0.314334 -0.805762
v -1.235865 0.170024 -0.832903
v -1.234291 0.024076 -0.852024
v -1.220830 -0.122103 -0.862938
v -1.195613 -0.267107 -0.865543
v -1.158880 -0.409538 -0.859811
v -1.110988 -0.548025 -0.845799
v -1.052394 -0.681234 -0.823641
v -0.983667 -0.807882 -0.793552
v -0.905466 -0.926750 -0.755820
v -0.818545 -1.036694 -0.710809
v -0.723741 -1.136653 -0.658953
v -0.621967 -1.225666 -0.600751
v -0.514203 -1.302874 -0.536762
v -0.401487 -1.367535 -0.467605
v -0.284904 -1.419027 -0.393945
v -0.165578 -1.456852 -0.316490
v -0.044657 -1.480647 -0.235988
v 0.076694 -1.490183 -0.153213
v 0.197306 -1.485367 -0.068962
v 0.316019 -1.466246 0.015953
v -0.534496 1.387786 -0.195868
v -0.632157 1.329202 -0.289136
v -0.723731 1.257817 -0.379620
v -0.808334 1.174318 -0.466447
v -0.885153 1.079510 -0.548783
v -0.953447 0.974306 -0.625833
v -1.012558 0.859719 -0.696856
v -1.061918 0.736852 -0.761168
v -1.101053 0.606889 -0.818150
v -1.129582 0.471082 -0.867252
v -1.147233 0.330737 -0.908002
v -1.153836 0.187207 -0.940008
v -1.149327 0.041875 -0.962961
v -1.133749 -0.103861 -0.976640
v -1.107253 -0.248597 -0.980914
v -1.070092 -0.390938 -0.975740
v -1.022627 -0.529515 -0.961170
v -0.965313 -0.662992 -0.937343
v -0.898702 -0.790084 -0.904489
v -0.823437 -0.909567 -0.862924
v -0.740241 -1.020290 -0.813050
v -0.649916 -1.121188 -0.755344
v -0.553333 -1.211288 -0.690365
v -0.451420 -1.289722 -0.618737
v -0.345160 -1.355736 -0.541150
v -0.235576 -1.408694 -0.458351
v -0.123724 -1.448084 -0.371139
v -0.010679 -1.473529 -0.280352
v 0.102468 -1.484784 -0.186865
v 0.214628 -1.481738 -0.091578
v 0.324721 -1.464423 0.004590
v -0.524783 1.389978 -0.206310
v -0.612825 1.333565 -0.309920
v -0.694965 1.264309 -0.410545
v -0.770412 1.182877 -0.507215
v -0.838440 1.090053 -0.599002
v -0.898393 0.986731 -0.685019
v -0.949694 0.873907 -0.764439
v -0.991849 0.752666 -0.836498
v -1.024452 0.624177 -0.900500
v -1.047189 0.489677 -0.955830
v -1.059841 0.350461 -1.001955
v -1.062286 0.207869 -1.038431
v -1.054500 0.063276 -1.064906
v -1.036559 -0.081927 -1.081125
v -1.008637 -0.226340 -1.086933
v -0.970999 -0.368574 -1.082272
v -0.924011 -0.507258 -1.067189
v -0.868123 -0.641057 -1.041828
v -0.803876 -0.768683 -1.006434
v -0.731887 -0.888905 -0.961347
v -0.652848 -1.000567 -0.907003
v -0.567523 -1.102593 -0.843922
v -0.476733 -1.194000 -0.772716
v -0.381351 -1.273908 -0.694066
v -0.282296 -1.341548 -0.608733
v -0.180523 -1.396269 -0.517537
v -0.077012 -1.437542 -0.421358
v 0.027242 -1.464971 -0.321120
v 0.131233 -1.478292 -0.217790
v 0.233960 -1.477375 -0.112362
v 0.334434 -1.462231 -0.005852
v -0.514154 1.392518 -0.215731
v -0.591669 1.338620 -0.328670
v -0.663486 1.271831 -0.438444
v -0.728913 1.192793 -0.543995
v -0.787320 1.102268 -0.644307
v -0.838145 1.001128 -0.738414
v -0.880898 0.890346 -0.825410
v -0.915167 0.770990 -0.904457
v -0.940624 0.644209 -0.974794
v -0.957021 0.511223 -1.035742
v -0.964201 0.373314 -1.086716
v -0.962096 0.231810 -1.127224
v -0.950725 0.088074 -1.156876
v -0.930199 -0.056511 -1.175387
v -0.900714 -0.200551 -1.182579
v -0.862554 -0.342660 -1.178381
v -0.816089 -0.481469 -1.162836
v -0.761763 -0.615641 -1.136090
v -0.700101 -0.743885 -1.098405
v -0.631697 -0.864964 -1.050141
v -0.557209 -0.977713 -0.991763
v -0.477355 -1.081046 -0.923834
v -0.392904 -1.173969 -0.847009
v -0.304669 -1.255585 -0.762026
v -0.213500 -1.325109 -0.669704
v -0.120275 -1.381872 -0.570933
v -0.025891 -1.425326 -0.466663
v 0.068742 -1.455054 -0.357899
v 0.162713 -1.470769 -0.245689
v 0.255117 -1.472320 -0.131112
v 0.345064 -1.459691 -0.015272
v -0.502710 1.395381 -0.224039
v -0.568892 1.344319 -0.345206
v -0.629594 1.280311 -0.463048
v -0.684234 1.203973 -0.576431
v -0.732284 1.116040 -0.684263
v -0.773281 1.017358 -0.785505
v -0.806831 0.908879 -0.879182
v -0.832611 0.791647 -0.964392
v -0.850373 0.666791 -1.040315
v -0.859945 0.535514 -1.106218
v -0.861236 0.399079 -1.161468
v -0.854232 0.258800 -1.205533
v -0.839001 0.116030 -1.237987
v -0.815691 -0.027858 -1.258519
v -0.784525 -0.171478 -1.266932
v -0.745803 -0.313446 -1.263142
v -0.699900 -0.452396 -1.247188
v -0.647255 -0.586989 -1.219223
v -0.588377 -0.715929 -1.179516
v -0.523833 -0.837974 -1.128449
v -0.454243 -0.951949 -1.066516
v -0.380280 -1.056756 -0.994310
v -0.302654 -1.151386 -0.912530
v -0.222113 -1.234927 -0.821961
v -0.139433 -1.306576 -0.723476
v -0.055411 -1.365641 -0.618023
v 0.029145 -1.411555 -0.506619
v 0.113421 -1.443874 -0.390336
v 0.196604 -1.462289 -0.270293
v 0.277894 -1.466620 -0.147648
v 0.356507 -1.456828 -0.023580
v -0.490563 1.398541 -0.231155
v -0.544713 1.350608 -0.359369
v -0.593618 1.289668 -0.484122
v -0.636806 1.216308 -0.604213
v -0.673862 1.131234 -0.718485
v -0.704427 1.035266 -0.825837
v -0.728208 0.929327 -0.925236
v -0.744977 0.814439 -1.015725
v -0.754571 0.691707 -1.096432
v -0.756898 0.562314 -1.166579
v -0.751936 0.427505 -1.225492
v -0.739732 0.288579 -1.272603
v -0.720404 0.146874 -1.307457
v -0.694138 0.003755 -1.329720
v -0.661188 -0.139401 -1.339178
v -0.621869 -0.281214 -1.335738
v -0.576562 -0.420319 -1.319435
v -0.525702 -0.555376 -1.290424
v -0.469779 -0.685084 -1.248986
v -0.409333 -0.808195 -1.195519
v -0.344944 -0.923522 -1.130539
v -0.277233 -1.029956 -1.054672
v -0.206852 -1.126470 -0.968648
v -0.134479 -1.212136 -0.873294
v -0.060811 -1.286128 -0.769530
v 0.013443 -1.347734 -0.658356
v 0.087567 -1.396361 -0.540841
v 0.160848 -1.431540 -0.418117
v 0.232580 -1.452932 -0.291367
v 0.302072 -1.460332 -0.161811
v 0.368655 -1.453668 -0.030696
v -0.477828 1.401965 -0.237009
v -0.519367 1.357424 -0.371022
v -0.555904 1.299811 -0.501461
v -0.587087 1.229679 -0.627071
v -0.612616 1.147705 -0.746642
v -0.632246 1.054678 -0.859023
v -0.645786 0.951494 -0.963130
v -0.653108 0.839146 -1.057962
v -0.654140 0.718717 -1.142606
v -0.648871 0.591366 -1.216245
v -0.637354 0.458320 -1.278171
v -0.619699 0.320860 -1.327788
v -0.596075 0.180311 -1.364617
v -0.566712 0.038024 -1.388304
v -0.531891 -0.104628 -1.398623
v -0.491946 -0.246273 -1.395470
v -0.447265 -0.385547 -1.378879
v -0.398276 -0.521106 -1.349008
v -0.345451 -0.651648 -1.306146
v -0.289300 -0.775914 -1.250705
v -0.230362 -0.892707 -1.183218
v -0.169206 -1.000903 -1.104337
v -0.106420 -1.099461 -1.014821
v -0.042609 -1.187429 -0.915531
v 0.021612 -1.263962 -0.807424
v 0.085624 -1.328322 -0.691541
v 0.148812 -1.379890 -0.568998
v 0.210568 -1.418168 -0.440976
v 0.270295 -1.442789 -0.308706
v 0.327419 -1.453515 -0.173464
v 0.381390 -1.450243 -0.036551
v -0.464629 1.405623 -0.241547
v -0.493096 1.364704 -0.380053
v -0.516814 1.310642 -0.514899
v -0.535555 1.243958 -0.644787
v -0.549138 1.165294 -0.768465
v -0.557432 1.075408 -0.884742
v -0.560359 0.975164 -0.992498
v -0.557888 0.865530 -1.090696
v -0.550045 0.747560 -1.178391
v -0.536905 0.622390 -1.254736
v -0.518594 0.491227 -1.318998
v -0.495289 0.355333 -1.370557
v -0.467213 0.216016 -1.408917
v -0.434639 0.074620 -1.433708
v -0.397878 -0.067496 -1.444693
v -0.357286 -0.208961 -1.441763
v -0.313253 -0.348414 -1.424950
v -0.266203 -0.484511 -1.394411
v -0.216589 -0.615942 -1.350445
v -0.164889 -0.741442 -1.293474
v -0.111602 -0.859801 -1.224045
v -0.057240 -0.969879 -1.142828
v -0.002326 -1.070618 -1.050606
v 0.052610 -1.161045 -0.948265
v 0.107039 -1.240291 -0.836792
v 0.160438 -1.307592 -0.717260
v 0.212291 -1.362301 -0.590820
v 0.262100 -1.403890 -0.458691
v 0.309385 -1.431958 -0.322144
v 0.353690 -1.446236 -0.182495
v 0.394589 -1.446586 -0.041088
v -0.451093 1.409477 -0.244723
v -0.466154 1.372375 -0.386376
v -0.476725 1.322057 -0.524307
v -0.482705 1.259007 -0.657189
v -0.484037 1.183831 -0.783742
v -0.480707 1.097255 -0.902746
v -0.472748 1.000112 -1.013057
v -0.460236 0.893337 -1.113612
v -0.443292 0.777958 -1.203443
v -0.422078 0.655088 -1.281682
v -0.396799 0.525908 -1.347579
v -0.367700 0.391664 -1.400498
v -0.335059 0.253648 -1.439929
v -0.299191 0.113189 -1.465493
v -0.260442 -0.028360 -1.476945
v -0.219184 -0.169636 -1.474171
v -0.175816 -0.309278 -1.457201
v -0.130755 -0.445942 -1.426197
v -0.084434 -0.578311 -1.381458
v -0.037300 -0.705110 -1.323415
v 0.010193 -0.825119 -1.252627
v 0.057588 -0.937182 -1.169775
v 0.104428 -1.040219 -1.075658
v 0.150262 -1.133238 -0.971180
v 0.194650 -1.215343 -0.857351
v 0.237163 -1.285745 -0.735265
v 0.277391 -1.343763 -0.606098
v 0.314949 -1.388841 -0.471093
v 0.349473 -1.420543 -0.331552
v 0.380632 -1.438564 -0.188818
v 0.408125 -1.442732 -0.044265
v -0.437349 1.413492 -0.246508
v -0.438799 1.380366 -0.389928
v -0.436024 1.333947 -0.529593
v -0.429049 1.274681 -0.664158
v -0.417942 1.203139 -0.792326
v -0.402810 1.120011 -0.912864
v -0.383798 1.026096 -1.024610
v -0.361091 0.922299 -1.126489
v -0.334906 0.809620 -1.217520
v -0.305496 0.689143 -1.296824
v -0.273143 0.562030 -1.363640
v -0.238160 0.429505 -1.417323
v -0.200884 0.292843 -1.457356
v -0.161673 0.153360 -1.483354
v -0.120905 0.012401 -1.495068
v -0.078972 -0.128677 -1.492382
v -0.036279 -0.268517 -1.475325
v 0.006763 -0.405770 -1.444058
v 0.049741 -0.539116 -1.398885
v 0.092239 -0.667270 -1.340240
v 0.133849 -0.788997 -1.268687
v 0.174170 -0.903126 -1.184916
v 0.212813 -1.008558 -1.089735
v 0.249407 -1.104276 -0.984057
v 0.283600 -1.189360 -0.868904
v 0.315061 -1.262989 -0.745382
v 0.343487 -1.324455 -0.614682
v 0.368606 -1.373166 -0.478062
v 0.390175 -1.408653 -0.336838
v 0.407986 -1.430574 -0.192370
v 0.421868 -1.438717 -0.046050
v -0.423532 1.417628 -0.246885
v -0.411297 1.388599 -0.390677
v -0.395101 1.346196 -0.530707
v -0.375101 1.290829 -0.665627
v -0.351488 1.223031 -0.794136
v -0.324489 1.143454 -0.914996
v -0.294366 1.052866 -1.027045
v -0.261408 0.952137 -1.129203
v -0.225933 0.842239 -1.220487
v -0.188281 0.724230 -1.300015
v -0.148816 0.599246 -1.367025
v -0.107919 0.468490 -1.420869
v -0.065981 0.333223 -1.461029
v -0.023409 0.194747 -1.487119
v 0.019389 0.054396 -1.498888
v 0.062001 -0.086480 -1.496221
v 0.104015 -0.226522 -1.479145
v 0.145027 -0.364383 -1.447822
v 0.184643 -0.498735 -1.402557
v 0.222481 -0.628284 -1.343786
v 0.258176 -0.751782 -1.272072
v 0.291384 -0.868040 -1.188108
v 0.321787 -0.975938 -1.092702
v 0.349090 -1.074438 -0.986772
v 0.373032 -1.162590 -0.871339
v 0.393381 -1.239545 -0.747515
v 0.409941 -1.304564 -0.616492
v 0.422554 -1.357018 -0.479531
v 0.431097 -1.396404 -0.337953
v 0.435488 -1.422341 -0.193119
v 0.435686 -1.434581 -0.046426
v -0.409772 1.421846 -0.245848
v -0.383911 1.396993 -0.388615
v -0.354352 1.358688 -0.527639
v -0.321381 1.307297 -0.661581
v -0.285315 1.243315 -0.789153
v -0.246501 1.167361 -0.909123
v -0.205313 1.080164 -1.020339
v -0.162147 0.982564 -1.121728
v -0.117421 0.875502 -1.212316
v -0.071563 0.760008 -1.291226
v -0.025016 0.637195 -1.357702
v 0.021772 0.508246 -1.411103
v 0.068350 0.374401 -1.450913
v 0.114270 0.236951 -1.476751
v 0.159089 0.097219 -1.488368
v 0.202377 -0.043449 -1.485650
v 0.243715 -0.183699 -1.468625
v 0.282706 -0.322180 -1.437454
v 0.318974 -0.457557 -1.392442
v 0.352171 -0.588529 -1.334019
v 0.381976 -0.713832 -1.262750
v 0.408103 -0.832261 -1.179318
v 0.430299 -0.942675 -1.084531
v 0.448351 -1.044010 -0.979297
v 0.462085 -1.135291 -0.864633
v 0.471369 -1.215639 -0.741642
v 0.476114 -1.284279 -0.611508
v 0.476273 -1.340551 -0.475486
v 0.471846 -1.383913 -0.334884
v 0.462874 -1.413946 -0.191057
v 0.449445 -1.430363 -0.045390
v -0.396204 1.426104 -0.243410
v -0.356905 1.405470 -0.383761
v -0.314169 1.371300 -0.520417
v -0.268408 1.323924 -0.652061
v -0.220061 1.263797 -0.777425
v -0.169595 1.191500 -0.895302
v -0.117496 1.107728 -1.004556
v -0.064265 1.013287 -1.104136
v -0.010415 0.909089 -1.193084
v 0.043535 0.796135 -1.270540
v 0.097065 0.675514 -1.335761
v 0.149661 0.548387 -1.388118
v 0.200816 0.415979 -1.427106
v 0.250036 0.279565 -1.452351
v 0.296849 0.140459 -1.463609
v 0.340803 0.000000 -1.460771
v 0.381475 -0.140459 -1.443866
v 0.418472 -0.279565 -1.413054
v 0.451440 -0.415979 -1.368634
v 0.480061 -0.548387 -1.311035
v 0.504058 -0.675514 -1.240809
v 0.523200 -0.796135 -1.158633
v 0.537304 -0.909089 -1.065299
v 0.546233 -1.013287 -0.961705
v 0.549902 -1.107728 -0.848850
v 0.548275 -1.191500 -0.727820
v 0.541368 -1.263797 -0.599781
v 0.529247 -1.323924 -0.465965
v 0.512029 -1.371300 -0.327662
v 0.489880 -1.405470 -0.186203
v 0.463013 -1.426104 -0.042951
v -0.382958 1.430363 -0.239592
v -0.330540 1.413946 -0.376163
v -0.274939 1.383913 -0.509111
v -0.216690 1.340551 -0.637156
v -0.156354 1.284279 -0.759066
v -0.094513 1.215639 -0.873664
v -0.031761 1.135291 -0.979849
v 0.031297 1.044010 -1.076597
v 0.094053 0.942675 -1.162978
v 0.155903 0.832261 -1.238157
v 0.216252 0.713832 -1.301413
v 0.274519 0.588529 -1.352136
v 0.330141 0.457557 -1.389837
v 0.382584 0.322180 -1.414152
v 0.431343 0.183699 -1.424850
v 0.475948 0.043449 -1.421825
v 0.515969 -0.097219 -1.405107
v 0.551020 -0.236951 -1.374856
v 0.580766 -0.374401 -1.331365
v 0.604918 -0.508245 -1.275053
v 0.623244 -0.637195 -1.206461
v 0.635569 -0.760008 -1.126250
v 0.641772 -0.875502 -1.035193
v 0.641795 -0.982564 -0.934166
v 0.635637 -1.080164 -0.824143
v 0.623358 -1.167361 -0.706183
v 0.605074 -1.243316 -0.581421
v 0.580965 -1.307297 -0.451061
v 0.551260 -1.358688 -0.316356
v 0.516245 -1.396993 -0.178605
v 0.476260 -1.421846 -0.039134
v -0.370161 1.434581 -0.234433
v -0.305069 1.422341 -0.365894
v -0.237039 1.396404 -0.493831
v -0.166726 1.357018 -0.617012
v -0.094808 1.304564 -0.734251
v -0.021977 1.239546 -0.844419
v 0.051066 1.162590 -0.946455
v 0.123617 1.074438 -1.039375
v 0.194978 0.975938 -1.122287
v 0.264461 0.868040 -1.194389
v 0.331397 0.751782 -1.254989
v 0.395141 0.628284 -1.303503
v 0.455080 0.498735 -1.339464
v 0.510636 0.364383 -1.362524
v 0.561275 0.226522 -1.372464
v 0.606509 0.086480 -1.369185
v 0.645901 -0.054396 -1.352721
v 0.679073 -0.194747 -1.323228
v 0.705705 -0.333223 -1.280992
v 0.725540 -0.468490 -1.226420
v 0.738389 -0.599245 -1.160037
v 0.744126 -0.724230 -1.082482
v 0.742697 -0.842239 -0.994502
v 0.734115 -0.952137 -0.896944
v 0.718464 -1.052866 -0.790748
v 0.695893 -1.143454 -0.676938
v 0.666620 -1.223031 -0.556607
v 0.630928 -1.290829 -0.430916
v 0.589159 -1.346196 -0.301076
v 0.541717 -1.388599 -0.168336
v 0.489057 -1.417628 -0.033974
v -0.357936 1.438717 -0.227981
v -0.280737 1.430574 -0.353052
v -0.200835 1.408653 -0.474723
v -0.118998 1.373166 -0.591822
v -0.036016 1.324455 -0.703221
v 0.047314 1.262989 -0.807848
v 0.130188 1.189360 -0.904695
v 0.211807 1.104276 -0.992830
v 0.291388 1.008558 -1.071403
v 0.368162 0.903126 -1.139657
v 0.441390 0.788997 -1.196936
v 0.510367 0.667270 -1.242689
v 0.574430 0.539116 -1.276473
v 0.632960 0.405770 -1.297964
v 0.685395 0.268517 -1.306956
v 0.731229 0.128678 -1.303360
v 0.770020 -0.012401 -1.287212
v 0.801396 -0.153360 -1.258667
v 0.825054 -0.292843 -1.218001
v 0.840767 -0.429505 -1.165605
v 0.848382 -0.562030 -1.101984
v 0.847827 -0.689143 -1.027750
v 0.839107 -0.809620 -0.943618
v 0.822306 -0.922299 -0.850398
v 0.797585 -1.026096 -0.748989
v 0.765184 -1.120010 -0.640367
v 0.725413 -1.203139 -0.525577
v 0.678656 -1.274681 -0.405726
v 0.625364 -1.333947 -0.281968
v 0.566048 -1.380366 -0.155494
v 0.501282 -1.413492 -0.027522
v -0.346401 1.442732 -0.220299
v -0.257779 1.438564 -0.337761
v -0.166675 1.420543 -0.451971
v -0.073965 1.388841 -0.561828
v 0.019457 1.343763 -0.666275
v 0.112692 1.285745 -0.764304
v 0.204842 1.215344 -0.854973
v 0.295018 1.133238 -0.937408
v 0.382354 1.040219 -1.010817
v 0.466007 0.937182 -1.074489
v 0.545172 0.825119 -1.127814
v 0.619087 0.705110 -1.170277
v 0.687040 0.578311 -1.201470
v 0.748376 0.445942 -1.221092
v 0.802506 0.309278 -1.228955
v 0.848907 0.169636 -1.224982
v 0.887132 0.028360 -1.209212
v 0.916813 -0.113189 -1.181795
v 0.937665 -0.253648 -1.142998
v 0.949487 -0.391664 -1.093194
v 0.952165 -0.525908 -1.032861
v 0.945673 -0.655088 -0.962581
v 0.930073 -0.777958 -0.883032
v 0.905516 -0.893337 -0.794977
v 0.872239 -1.000112 -0.699267
v 0.830562 -1.097255 -0.596823
v 0.780886 -1.183831 -0.488631
v 0.723690 -1.259007 -0.375732
v 0.659524 -1.322057 -0.259216
v 0.589006 -1.372375 -0.140203
v 0.512816 -1.409477 -0.019840
v -0.335668 1.446586 -0.211460
v -0.236416 1.446236 -0.320169
v -0.134888 1.431958 -0.425795
v -0.032060 1.403890 -0.527319
v 0.071076 1.362301 -0.623766
v 0.173528 1.307592 -0.714206
v 0.274309 1.240291 -0.797767
v 0.372448 1.161045 -0.873645
v 0.467001 1.070618 -0.941110
v 0.557055 0.969879 -0.999511
v 0.641745 0.859801 -1.048287
v 0.720254 0.741442 -1.086966
v 0.791827 0.615942 -1.115178
v 0.855775 0.484511 -1.132650
v 0.911481 0.348414 -1.139215
v 0.958409 0.208961 -1.134807
v 0.996107 0.067496 -1.119471
v 1.024211 -0.074620 -1.093353
v 1.042452 -0.216016 -1.056706
v 1.050654 -0.355333 -1.009883
v 1.048737 -0.491227 -0.953334
v 1.036720 -0.622390 -0.887603
v 1.014720 -0.747560 -0.813326
v 0.982946 -0.865530 -0.731214
v 0.941707 -0.975164 -0.642061
v 0.891399 -1.075408 -0.546724
v 0.832505 -1.165294 -0.446122
v 0.765594 -1.243958 -0.341224
v 0.691311 -1.310642 -0.233040
v 0.610369 -1.364704 -0.122611
v 0.523549 -1.405623 -0.011001
v -0.325840 1.450243 -0.201550
v -0.216854 1.453515 -0.300445
v -0.105780 1.442790 -0.396446
v 0.006312 1.418168 -0.488629
v 0.118344 1.379890 -0.576106
v 0.229237 1.328322 -0.658035
v 0.337921 1.263962 -0.733627
v 0.443351 1.187429 -0.802154
v 0.544512 1.099461 -0.862956
v 0.640428 1.000904 -0.915447
v 0.730177 0.892707 -0.959121
v 0.812894 0.775914 -0.993559
v 0.887782 0.651648 -1.018428
v 0.954120 0.521106 -1.033489
v 1.011271 0.385547 -1.038598
v 1.058681 0.246273 -1.033703
v 1.095896 0.104628 -1.018854
v 1.122557 -0.038024 -0.994192
v 1.138407 -0.180311 -0.959956
v 1.143293 -0.320860 -0.916476
v 1.137169 -0.458320 -0.864168
v 1.120094 -0.591366 -0.803539
v 1.092232 -0.718717 -0.735171
v 1.053849 -0.839146 -0.659723
v 1.005319 -0.951494 -0.577921
v 0.947107 -1.054678 -0.490554
v 0.879773 -1.147705 -0.398462
v 0.803967 -1.229679 -0.302533
v 0.720418 -1.299811 -0.203691
v 0.629931 -1.357424 -0.102887
v 0.533378 -1.401965 -0.001091
v -0.317011 1.453668 -0.190664
v -0.199281 1.460332 -0.278778
v -0.079632 1.452932 -0.364207
v 0.040783 1.431540 -0.446128
v 0.160806 1.396361 -0.523754
v 0.279281 1.347734 -0.596335
v 0.395065 1.286128 -0.663172
v 0.507045 1.212136 -0.723624
v 0.614143 1.126470 -0.777107
v 0.715324 1.029956 -0.823105
v 0.809618 0.923522 -0.861176
v 0.896114 0.808195 -0.890954
v 0.973980 0.685084 -0.912151
v 1.042466 0.555376 -0.924564
v 1.100914 0.420319 -0.928074
v 1.148758 0.281214 -0.922644
v 1.185539 0.139401 -0.908330
v 1.210902 -0.003755 -0.885268
v 1.224605 -0.146874 -0.853680
v 1.226513 -0.288579 -0.813871
v 1.216610 -0.427505 -0.766223
v 1.194990 -0.562314 -0.711197
v 1.161862 -0.691707 -0.649322
v 1.117543 -0.814439 -0.581192
v 1.062463 -0.929327 -0.507466
v 0.997151 -1.035266 -0.428853
v 0.922235 -1.131234 -0.346110
v 0.838438 -1.216308 -0.260033
v 0.746566 -1.289668 -0.171452
v 0.647504 -1.350608 -0.081220
v 0.542207 -1.398541 0.009794
v -0.309266 1.456828 -0.178908
v -0.183866 1.466620 -0.255378
v -0.056696 1.462289 -0.329389
v 0.071020 1.443874 -0.400228
v 0.198053 1.411555 -0.467212
v 0.323178 1.365641 -0.529697
v 0.445191 1.306576 -0.587081
v 0.562916 1.234927 -0.638810
v 0.675221 1.151386 -0.684388
v 0.781022 1.056756 -0.723374
v 0.879301 0.951949 -0.755395
v 0.969113 0.837974 -0.780140
v 1.049591 0.715929 -0.797372
v 1.119962 0.586989 -0.806925
v 1.179547 0.452396 -0.808707
v 1.227772 0.313447 -0.802700
v 1.264172 0.171478 -0.788964
v 1.288398 0.027858 -0.767628
v 1.300216 -0.116030 -0.738900
v 1.299512 -0.258800 -0.703056
v 1.286294 -0.399079 -0.660442
v 1.260687 -0.535514 -0.611467
v 1.222940 -0.666791 -0.556604
v 1.173414 -0.791647 -0.496379
v 1.112589 -0.908879 -0.431374
v 1.041048 -1.017358 -0.362215
v 0.959482 -1.116040 -0.289568
v 0.868675 -1.203973 -0.214132
v 0.769503 -1.280311 -0.136634
v 0.662919 -1.344319 -0.057820
v 0.549952 -1.395381 0.021551
v -0.302680 1.459691 -0.166393
v -0.170758 1.472320 -0.230470
v -0.037192 1.470769 -0.292327
v 0.096733 1.455054 -0.351369
v 0.229726 1.425326 -0.407027
v 0.360507 1.381872 -0.458765
v 0.487815 1.325109 -0.506085
v 0.610426 1.255585 -0.548530
v 0.727159 1.173969 -0.585694
v 0.836888 1.081046 -0.617217
v 0.938557 0.977713 -0.642796
v 1.031188 0.864964 -0.662184
v 1.113888 0.743885 -0.675194
v 1.185860 0.615641 -0.681703
v 1.246413 0.481469 -0.681647
v 1.294961 0.342660 -0.675025
v 1.331038 0.200551 -0.661904
v 1.354296 0.056511 -0.642406
v 1.364512 -0.088074 -0.616723
v 1.361587 -0.231810 -0.585100
v 1.345549 -0.373314 -0.547843
v 1.316553 -0.511223 -0.505309
v 1.274879 -0.644209 -0.457910
v 1.220924 -0.770990 -0.406099
v 1.155213 -0.890346 -0.350378
v 1.078377 -1.001128 -0.291283
v 0.991155 -1.102268 -0.229383
v 0.894387 -1.192793 -0.165273
v 0.789007 -1.271831 -0.099572
v 0.676027 -1.338620 -0.032912
v 0.556537 -1.392518 0.034065
v -0.297317 1.462231 -0.153242
v -0.160083 1.477375 -0.204294
v -0.021308 1.478292 -0.253378
v 0.117672 1.464971 -0.300022
v 0.255520 1.437542 -0.343777
v 0.390907 1.396269 -0.384221
v 0.522528 1.341548 -0.420964
v 0.649118 1.273908 -0.453654
v 0.769457 1.194000 -0.481975
v 0.882384 1.102593 -0.505654
v 0.986815 1.000567 -0.524463
v 1.081741 0.888905 -0.538222
v 1.166250 0.768683 -0.546796
v 1.239527 0.641057 -0.550106
v 1.300868 0.507258 -0.548117
v 1.349679 0.368574 -0.540850
v 1.385493 0.226340 -0.528374
v 1.407963 0.081926 -0.510809
v 1.416874 -0.063276 -0.488325
v 1.412140 -0.207869 -0.461138
v 1.393807 -0.350461 -0.429510
v 1.362050 -0.489677 -0.393746
v 1.317176 -0.624177 -0.354190
v 1.259616 -0.752666 -0.311223
v 1.189926 -0.873907 -0.265258
v 1.108777 -0.986731 -0.216739
v 1.016949 -1.090053 -0.166133
v 0.915327 -1.182877 -0.113926
v 0.804890 -1.264309 -0.060623
v 0.686702 -1.333565 -0.006736
v 0.561901 -1.389978 0.047217
v -0.293228 1.464423 -0.139580
v -0.151944 1.481738 -0.177101
v -0.009197 1.484784 -0.212917
v 0.133638 1.473529 -0.246682
v 0.275187 1.448084 -0.278072
v 0.414085 1.408694 -0.306783
v 0.548995 1.355736 -0.332540
v 0.678618 1.289722 -0.355094
v 0.801707 1.211288 -0.374230
v 0.917073 1.121188 -0.389760
v 1.023608 1.020291 -0.401537
v 1.120285 0.909567 -0.409447
v 1.206173 0.790084 -0.413414
v 1.280445 0.662992 -0.413400
v 1.342387 0.529515 -0.409404
v 1.391399 0.390938 -0.401465
v 1.427013 0.248597 -0.389661
v 1.448881 0.103861 -0.374103
v 1.456798 -0.041875 -0.354942
v 1.450685 -0.187207 -0.332364
v 1.430601 -0.330737 -0.306584
v 1.396739 -0.471082 -0.277852
v 1.349426 -0.606889 -0.246445
v 1.289117 -0.736852 -0.212663
v 1.216393 -0.859719 -0.176834
v 1.131955 -0.974306 -0.139301
v 1.036615 -1.079510 -0.100428
v 0.931293 -1.174318 -0.060586
v 0.817001 -1.257817 -0.020162
v 0.694841 -1.329202 0.020457
v 0.565990 -1.387786 0.060879
v -0.290452 1.466246 -0.125539
v -0.146419 1.485367 -0.149154
v -0.000976 1.490183 -0.171333
v 0.144476 1.480647 -0.191862
v 0.288537 1.456852 -0.210544
v 0.429819 1.419027 -0.227197
v 0.566961 1.367535 -0.241663
v 0.698644 1.302874 -0.253801
v 0.823599 1.225666 -0.263495
v 0.940620 1.136653 -0.270651
v 1.048585 1.036694 -0.275201
v 1.146450 0.926750 -0.277101
v 1.233274 0.807882 -0.276332
v 1.308221 0.681234 -0.272902
v 1.370571 0.548025 -0.266843
v 1.419720 0.409538 -0.258215
v 1.455196 0.267107 -0.247100
v 1.476657 0.122103 -0.233605
v 1.483898 -0.024077 -0.217860
v 1.476849 -0.170024 -0.200018
v 1.455577 -0.314334 -0.180249
v 1.420286 -0.455617 -0.158744
v 1.371318 -0.592512 -0.135710
v 1.309142 -0.723701 -0.111369
v 1.234359 -0.847920 -0.085956
v 1.147689 -0.963973 -0.059715
v 1.049965 -1.070743 -0.032900
v 0.942130 -1.167201 -0.005767
v 0.825222 -1.252418 0.021422
v 0.700366 -1.325573 0.048404
v 0.568766 -1.385963 0.074920
v -0.289016 1.467683 -0.111254
v -0.143562 1.488226 -0.120722
v 0.003276 1.494437 -0.129028
v 0.150081 1.486255 -0.136091
v 0.295441 1.463760 -0.141843
v 0.437957 1.427169 -0.146230
v 0.576254 1.376833 -0.149208
v 0.709001 1.313237 -0.150749
v 0.834921 1.236994 -0.150839
v 0.952799 1.148838 -0.149475
v 1.061503 1.049618 -0.146672
v 1.159982 0.940290 -0.142457
v 1.247291 0.821906 -0.136870
v 1.322587 0.695607 -0.129964
v 1.385148 0.562609 -0.121808
v 1.434367 0.424193 -0.112477
v 1.469773 0.281691 -0.102064
v 1.491023 0.136476 -0.090668
v 1.497915 -0.010052 -0.078398
v 1.490382 -0.156484 -0.065374
v 1.468495 -0.301409 -0.051720
v 1.432465 -0.443432 -0.037568
v 1.382641 -0.581183 -0.023054
v 1.319499 -0.713338 -0.008318
v 1.243651 -0.838623 0.006498
v 1.155827 -0.955831 0.021252
v 1.056870 -1.063834 0.035800
v 0.947735 -1.161592 0.050005
v 0.829474 -1.248163 0.063727
v 0.703224 -1.322714 0.076836
v 0.570201 -1.384526 0.089205
v -0.288934 1.468719 -0.096863
v -0.143399 1.490288 -0.092079
v 0.003518 1.497505 -0.086408
v 0.150400 1.490300 -0.079905
v 0.295834 1.468743 -0.072633
v 0.438420 1.433041 -0.064660
v 0.576783 1.383538 -0.056066
v 0.709590 1.320711 -0.046931
v 0.835566 1.245165 -0.037345
v 0.953493 1.157627 -0.027398
v 1.062238 1.058940 -0.017188
v 1.160753 0.950055 -0.006813
v 1.248088 0.832021 0.003629
v 1.323405 0.705974 0.014035
v 1.385978 0.573128 0.024306
v 1.435201 0.434763 0.034344
v 1.470603 0.292210 0.044050
v 1.491841 0.146843 0.053332
v 1.498713 0.000062 0.062100
v 1.491152 -0.146719 0.070271
v 1.469230 -0.292087 0.077765
v 1.433158 -0.434643 0.084509
v 1.383285 -0.573012 0.090440
v 1.320089 -0.705864 0.095500
v 1.244180 -0.831917 0.099640
v 1.156290 -0.949959 0.102821
v 1.057263 -1.058852 0.105011
v 0.948055 -1.157547 0.106190
v 0.829716 -1.245095 0.106347
v 0.703387 -1.320652 0.105479
v 0.570283 -1.383490 0.103595
v -0.290208 1.469344 -0.082504
v -0.145933 1.491533 -0.063500
v -0.000253 1.499358 -0.043884
v 0.145430 1.492743 -0.023846
v 0.289712 1.471752 -0.003578
v 0.431204 1.436587 0.016725
v 0.568543 1.387587 0.036866
v 0.700406 1.325224 0.056653
v 0.825526 1.250099 0.075893
v 0.942693 1.162934 0.094404
v 1.050783 1.064569 0.112004
v 1.148753 0.955953 0.128526
v 1.235660 0.838129 0.143811
v 1.310666 0.712234 0.157710
v 1.373052 0.579481 0.170091
v 1.422213 0.441146 0.180833
v 1.457677 0.298563 0.189834
v 1.479102 0.153104 0.197007
v 1.486284 0.006171 0.202282
v 1.479152 -0.140822 0.205610
v 1.457776 -0.286458 0.206957
v 1.422359 -0.429336 0.206311
v 1.373245 -0.568078 0.203678
v 1.310905 -0.701350 0.199084
v 1.235941 -0.827868 0.192573
v 1.149074 -0.946413 0.184207
v 1.051141 -1.055843 0.174066
v 0.943084 -1.155105 0.162250
v 0.825946 -1.243242 0.148871
v 0.700853 -1.319407 0.134058
v 0.569010 -1.382865 0.117954
v -0.292823 1.469553 -0.068317
v 0.277133 1.472758 0.064656
v 0.681538 1.326734 0.159005
v 0.804898 1.251749 0.187786
v 1.124100 0.957925 0.262256
v 1.346496 0.581605 0.314142
v 1.395528 0.443280 0.325582
v 1.431121 0.300687 0.333886
v 1.454499 -0.138850 0.339340
v 1.434242 -0.284576 0.334614
v 1.400172 -0.427561 0.326665
v 1.352618 -0.566428 0.315570
v 1.292036 -0.699841 0.301437
v 1.134249 -0.945227 0.264624
v 1.038562 -1.054836 0.242300
v 0.932872 -1.154288 0.217642
v 0.566395 -1.382655 0.132142
vn -0.2878 0.9553 -0.0671
vn -0.0993 0.9948 -0.0232
vn -0.0039 1.0000 -0.0009
vn 0.0915 0.9956 0.0214
vn 0.2788 0.9582 0.0650
vn 0.3688 0.9255 0.0860
vn 0.6143 0.7759 0.1433
vn 0.6853 0.7105 0.1599
vn 0.8070 0.5597 0.1883
vn 0.8565 0.4760 0.1998
vn 0.9686 0.1038 0.2260
vn 0.9738 0.0059 0.2272
vn 0.8133 -0.5500 0.1897
vn 0.5466 -0.8276 0.1275
vn 0.4651 -0.8786 0.1085
vn 0.2878 -0.9553 0.0671
vn -0.1964 0.9799 -0.0358
vn -0.1046 0.9945 -0.0046
vn -0.0117 0.9996 0.0266
vn 0.0812 0.9950 0.0576
vn 0.1734 0.9809 0.0880
vn 0.2639 0.9574 0.1176
vn 0.3518 0.9246 0.1460
vn 0.4364 0.8830 0.1730
vn 0.5167 0.8329 0.1984
vn 0.5921 0.7748 0.2219
vn 0.6617 0.7092 0.2432
vn 0.7250 0.6369 0.2622
vn 0.7814 0.5584 0.2786
vn 0.8302 0.4746 0.2924
vn 0.8711 0.3862 0.3034
vn 0.9036 0.2941 0.3115
vn 0.9274 0.1992 0.3165
vn 0.9424 0.1024 0.3186
vn 0.9482 0.0046 0.3176
vn 0.9450 -0.0933 0.3135
vn 0.9327 -0.1903 0.3064
vn 0.9114 -0.2854 0.2964
vn 0.8814 -0.3778 0.2835
vn 0.8429 -0.4666 0.2679
vn 0.7963 -0.5509 0.2497
vn 0.7421 -0.6300 0.2291
vn 0.6807 -0.7029 0.2064
vn 0.6127 -0.7692 0.1816
vn 0.5388 -0.8280 0.1551
vn 0.4598 -0.8789 0.1271
vn 0.3763 -0.9213 0.0978
vn -0.2000 0.9794 -0.0267
vn -0.1115 0.9937 0.0134
vn -0.0220 0.9983 0.0533
vn 0.0676 0.9934 0.0927
vn 0.1566 0.9789 0.1312
vn 0.2442 0.9550 0.1685
vn 0.3293 0.9219 0.2041
vn 0.4113 0.8800 0.2378
vn 0.4893 0.8296 0.2691
vn 0.5626 0.7712 0.2979
vn 0.6305 0.7055 0.3238
vn 0.6923 0.6329 0.3466
vn 0.7475 0.5543 0.3661
vn 0.7955 0.4704 0.3821
vn 0.8358 0.3819 0.3944
vn 0.8682 0.2898 0.4029
vn 0.8921 0.1950 0.4075
vn 0.9076 0.0982 0.4082
vn 0.9143 0.0005 0.4050
vn 0.9122 -0.0972 0.3980
vn 0.9014 -0.1940 0.3870
vn 0.8819 -0.2889 0.3724
vn 0.8540 -0.3811 0.3542
vn 0.8178 -0.4696 0.3326
vn 0.7738 -0.5536 0.3078
vn 0.7223 -0.6323 0.2800
vn 0.6639 -0.7049 0.2496
vn 0.5991 -0.7708 0.2167
vn 0.5285 -0.8292 0.1817
vn 0.4528 -0.8797 0.1450
vn 0.3728 -0.9217 0.1069
vn -0.2043 0.9787 -0.0180
vn -0.1201 0.9923 0.0306
vn -0.0348 0.9963 0.0788
vn 0.0508 0.9907 0.1263
vn 0.1359 0.9756 0.1726
vn 0.2198 0.9511 0.2172
vn 0.3015 0.9174 0.2597
vn 0.3802 0.8750 0.2997
vn 0.4554 0.8241 0.3368
vn 0.5261 0.7654 0.3707
vn 0.5918 0.6992 0.4011
vn 0.6518 0.6264 0.4275
vn 0.7055 0.5476 0.4499
vn 0.7525 0.4635 0.4679
vn 0.7922 0.3749 0.4815
vn 0.8243 0.2828 0.4904
vn 0.8485 0.1879 0.4946
vn 0.8646 0.0913 0.4941
vn 0.8724 -0.0063 0.4888
vn 0.8718 -0.1037 0.4788
vn 0.8628 -0.2002 0.4643
vn 0.8455 -0.2948 0.4452
vn 0.8201 -0.3866 0.4219
vn 0.7868 -0.4746 0.3946
vn 0.7460 -0.5581 0.3634
vn 0.6979 -0.6362 0.3288
vn 0.6432 -0.7083 0.2909
vn 0.5823 -0.7735 0.2503
vn 0.5157 -0.8313 0.2073
vn 0.4442 -0.8811 0.1622
vn 0.3684 -0.9224 0.1156
vn -0.2095 0.9778 -0.0098
vn -0.1303 0.9904 0.0468
vn -0.0499 0.9934 0.1030
vn 0.0309 0.9869 0.1581
vn 0.1115 0.9710 0.2117
vn 0.1910 0.9456 0.2633
vn 0.2686 0.9112 0.3123
vn 0.3436 0.8681 0.3583
vn 0.4153 0.8166 0.4009
vn 0.4831 0.7572 0.4396
vn 0.5461 0.6906 0.4741
vn 0.6040 0.6174 0.5040
vn 0.6560 0.5382 0.5291
vn 0.7017 0.4539 0.5491
vn 0.7407 0.3652 0.5639
vn 0.7726 0.2730 0.5732
vn 0.7970 0.1782 0.5770
vn 0.8138 0.0817 0.5753
vn 0.8228 -0.0156 0.5681
vn 0.8239 -0.1128 0.5554
vn 0.8171 -0.2089 0.5373
vn 0.8024 -0.3029 0.5141
vn 0.7800 -0.3941 0.4860
vn 0.7502 -0.4815 0.4532
vn 0.7131 -0.5643 0.4160
vn 0.6691 -0.6417 0.3748
vn 0.6187 -0.7129 0.3301
vn 0.5624 -0.7773 0.2821
vn 0.5006 -0.8342 0.2314
vn 0.4340 -0.8830 0.1785
vn 0.3633 -0.9234 0.1239
vn -0.2154 0.9765 -0.0021
vn -0.1419 0.9879 0.0620
vn -0.0672 0.9898 0.1255
vn 0.0082 0.9822 0.1878
vn 0.0835 0.9651 0.2482
vn 0.1580 0.9387 0.3063
vn 0.2310 0.9033 0.3614
vn 0.3017 0.8593 0.4130
vn 0.3695 0.8070 0.4607
vn 0.4338 0.7469 0.5039
vn 0.4939 0.6797 0.5423
vn 0.5493 0.6059 0.5755
vn 0.5993 0.5264 0.6031
vn 0.6437 0.4417 0.6250
vn 0.6818 0.3529 0.6408
vn 0.7134 0.2606 0.6505
vn 0.7381 0.1659 0.6539
vn 0.7558 0.0695 0.6511
vn 0.7662 -0.0275 0.6420
vn 0.7692 -0.1242 0.6268
vn 0.7649 -0.2198 0.6055
vn 0.7532 -0.3133 0.5784
vn 0.7343 -0.4037 0.5458
vn 0.7083 -0.4903 0.5079
vn 0.6755 -0.5722 0.4651
vn 0.6362 -0.6486 0.4179
vn 0.5908 -0.7188 0.3666
vn 0.5397 -0.7820 0.3118
vn 0.4834 -0.8378 0.2540
vn 0.4224 -0.8855 0.1937
vn 0.3574 -0.9247 0.1316
vn -0.2219 0.9750 0.0050
vn -0.1549 0.9850 0.0760
vn -0.0865 0.9855 0.1462
vn -0.0172 0.9765 0.2151
vn 0.0523 0.9580 0.2818
vn 0.1212 0.9304 0.3458
vn 0.1890 0.8939 0.4065
vn 0.2549 0.8487 0.4633
vn 0.3184 0.7954 0.5156
vn 0.3789 0.7345 0.5630
vn 0.4356 0.6665 0.6050
vn 0.4882 0.5921 0.6411
vn 0.5361 0.5121 0.6711
vn 0.5789 0.4271 0.6946
vn 0.6161 0.3380 0.7115
vn 0.6473 0.2457 0.7215
vn 0.6724 0.1510 0.7246
vn 0.6910 0.0549 0.7208
vn 0.7030 -0.0417 0.7100
vn 0.7082 -0.1380 0.6924
vn 0.7066 -0.2329 0.6682
vn 0.6982 -0.3257 0.6375
vn 0.6832 -0.4153 0.6007
vn 0.6615 -0.5009 0.5582
vn 0.6335 -0.5817 0.5102
vn 0.5994 -0.6569 0.4574
vn 0.5595 -0.7258 0.4001
vn 0.5143 -0.7877 0.3390
vn 0.4641 -0.8421 0.2747
vn 0.4094 -0.8884 0.2077
vn 0.3508 -0.9261 0.1386
vn -0.2291 0.9733 0.0114
vn -0.1691 0.9816 0.0886
vn -0.1075 0.9804 0.1649
vn -0.0449 0.9698 0.2397
vn 0.0181 0.9499 0.3121
vn 0.0810 0.9208 0.3815
vn 0.1431 0.8829 0.4472
vn 0.2038 0.8365 0.5087
vn 0.2625 0.7821 0.5652
vn 0.3187 0.7201 0.6163
vn 0.3719 0.6513 0.6615
vn 0.4214 0.5762 0.7003
vn 0.4669 0.4955 0.7324
vn 0.5080 0.4102 0.7575
vn 0.5441 0.3208 0.7752
vn 0.5750 0.2284 0.7856
vn 0.6004 0.1338 0.7884
vn 0.6201 0.0380 0.7836
vn 0.6338 -0.0583 0.7713
vn 0.6414 -0.1540 0.7516
vn 0.6428 -0.2482 0.7247
vn 0.6381 -0.3400 0.6908
vn 0.6272 -0.4286 0.6503
vn 0.6103 -0.5131 0.6035
vn 0.5876 -0.5926 0.5509
vn 0.5592 -0.6665 0.4931
vn 0.5254 -0.7340 0.4304
vn 0.4865 -0.7944 0.3637
vn 0.4430 -0.8472 0.2934
vn 0.3952 -0.8918 0.2203
vn 0.3436 -0.9279 0.1450
vn -0.2369 0.9714 0.0170
vn -0.1844 0.9778 0.0997
vn -0.1302 0.9747 0.1814
vn -0.0748 0.9623 0.2614
vn -0.0187 0.9407 0.3388
vn 0.0377 0.9100 0.4130
vn 0.0936 0.8705 0.4831
vn 0.1487 0.8227 0.5487
vn 0.2023 0.7670 0.6089
vn 0.2540 0.7039 0.6633
vn 0.3032 0.6341 0.7113
vn 0.3495 0.5582 0.7525
vn 0.3924 0.4769 0.7865
vn 0.4316 0.3911 0.8129
vn 0.4666 0.3015 0.8315
vn 0.4972 0.2090 0.8421
vn 0.5230 0.1145 0.8446
vn 0.5437 0.0189 0.8390
vn 0.5593 -0.0769 0.8254
vn 0.5694 -0.1720 0.8038
vn 0.5741 -0.2654 0.7746
vn 0.5733 -0.3562 0.7378
vn 0.5670 -0.4437 0.6940
vn 0.5552 -0.5269 0.6435
vn 0.5381 -0.6050 0.5868
vn 0.5158 -0.6773 0.5245
vn 0.4886 -0.7432 0.4571
vn 0.4566 -0.8019 0.3854
vn 0.4203 -0.8528 0.3099
vn 0.3799 -0.8956 0.2314
vn 0.3359 -0.9298 0.1506
vn -0.2451 0.9693 0.0218
vn -0.2007 0.9735 0.1092
vn -0.1543 0.9685 0.1955
vn -0.1065 0.9541 0.2799
vn -0.0577 0.9305 0.3617
vn -0.0083 0.8980 0.4399
vn 0.0411 0.8569 0.5139
vn 0.0902 0.8075 0.5829
vn 0.1384 0.7504 0.6464
vn 0.1852 0.6861 0.7036
vn 0.2303 0.6151 0.7540
vn 0.2731 0.5383 0.7972
vn 0.3134 0.4563 0.8328
vn 0.3506 0.3700 0.8604
vn 0.3844 0.2801 0.8796
vn 0.4146 0.1875 0.8905
vn 0.4408 0.0931 0.8928
vn 0.4627 -0.0022 0.8865
vn 0.4802 -0.0975 0.8717
vn 0.4931 -0.1918 0.8486
vn 0.5012 -0.2843 0.8173
vn 0.5046 -0.3741 0.7781
vn 0.5031 -0.4603 0.7315
vn 0.4967 -0.5421 0.6778
vn 0.4856 -0.6187 0.6176
vn 0.4699 -0.6893 0.5515
vn 0.4496 -0.7533 0.4800
vn 0.4249 -0.8101 0.4039
vn 0.3962 -0.8591 0.3240
vn 0.3637 -0.8998 0.2409
vn 0.3276 -0.9319 0.1554
vn -0.2537 0.9669 0.0258
vn -0.2177 0.9690 0.1170
vn -0.1796 0.9617 0.2071
vn -0.1398 0.9451 0.2952
vn -0.0986 0.9195 0.3805
vn -0.0565 0.8850 0.4621
vn -0.0139 0.8421 0.5392
vn 0.0289 0.7910 0.6111
vn 0.0714 0.7324 0.6772
vn 0.1132 0.6667 0.7367
vn 0.1539 0.5946 0.7892
vn 0.1931 0.5168 0.8340
vn 0.2305 0.4340 0.8709
vn 0.2656 0.3471 0.8994
vn 0.2982 0.2569 0.9193
vn 0.3280 0.1642 0.9303
vn 0.3546 0.0699 0.9324
vn 0.3777 -0.0251 0.9256
vn 0.3973 -0.1198 0.9098
vn 0.4131 -0.2134 0.8854
vn 0.4248 -0.3049 0.8524
vn 0.4325 -0.3935 0.8112
vn 0.4361 -0.4783 0.7623
vn 0.4354 -0.5586 0.7060
vn 0.4306 -0.6335 0.6429
vn 0.4216 -0.7023 0.5736
vn 0.4086 -0.7643 0.4988
vn 0.3917 -0.8191 0.4192
vn 0.3709 -0.8659 0.3356
vn 0.3466 -0.9044 0.2487
vn 0.3190 -0.9343 0.1594
vn -0.2627 0.9645 0.0289
vn -0.2354 0.9641 0.1231
vn -0.2058 0.9544 0.2161
vn -0.1743 0.9356 0.3071
vn -0.1411 0.9078 0.3951
vn -0.1065 0.8712 0.4792
vn -0.0709 0.8263 0.5588
vn -0.0347 0.7734 0.6330
vn 0.0019 0.7131 0.7010
vn 0.0385 0.6460 0.7624
vn 0.0747 0.5726 0.8164
vn 0.1101 0.4938 0.8626
vn 0.1445 0.4102 0.9004
vn 0.1776 0.3227 0.9297
vn 0.2089 0.2321 0.9500
vn 0.2382 0.1393 0.9612
vn 0.2652 0.0451 0.9631
vn 0.2897 -0.0495 0.9558
vn 0.3114 -0.1436 0.9394
vn 0.3301 -0.2363 0.9139
vn 0.3456 -0.3268 0.8796
vn 0.3578 -0.4142 0.8369
vn 0.3666 -0.4976 0.7861
vn 0.3719 -0.5762 0.7278
vn 0.3736 -0.6493 0.6625
vn 0.3717 -0.7161 0.5908
vn 0.3662 -0.7761 0.5134
vn 0.3572 -0.8286 0.4311
vn 0.3448 -0.8732 0.3446
vn 0.3290 -0.9093 0.2548
vn 0.3101 -0.9367 0.1625
vn -0.2718 0.9618 0.0310
vn -0.2535 0.9589 0.1273
vn -0.2327 0.9468 0.2224
vn -0.2096 0.9255 0.3154
vn -0.1846 0.8954 0.4053
vn -0.1578 0.8566 0.4913
vn -0.1294 0.8096 0.5725
vn -0.0998 0.7548 0.6483
vn -0.0693 0.6928 0.7178
vn -0.0381 0.6242 0.7804
vn -0.0066 0.5495 0.8355
vn 0.0251 0.4696 0.8825
vn 0.0564 0.3851 0.9211
vn 0.0873 0.2970 0.9509
vn 0.1173 0.2060 0.9715
vn 0.1461 0.1131 0.9828
vn 0.1736 0.0191 0.9846
vn 0.1994 -0.0752 0.9770
vn 0.2233 -0.1687 0.9601
vn 0.2450 -0.2606 0.9338
vn 0.2644 -0.3500 0.8987
vn 0.2813 -0.4360 0.8549
vn 0.2954 -0.5179 0.8028
vn 0.3067 -0.5947 0.7431
vn 0.3151 -0.6659 0.6762
vn 0.3204 -0.7307 0.6028
vn 0.3227 -0.7885 0.5236
vn 0.3218 -0.8387 0.4394
vn 0.3179 -0.8808 0.3509
vn 0.3109 -0.9145 0.2590
vn 0.3009 -0.9393 0.1646
vn -0.2811 0.9591 0.0322
vn -0.2718 0.9536 0.1297
vn -0.2599 0.9388 0.2260
vn -0.2455 0.9150 0.3200
vn -0.2287 0.8825 0.4110
vn -0.2098 0.8414 0.4980
vn -0.1888 0.7923 0.5802
vn -0.1660 0.7355 0.6569
vn -0.1416 0.6717 0.7272
vn -0.1159 0.6014 0.7905
vn -0.0890 0.5254 0.8462
vn -0.0613 0.4443 0.8938
vn -0.0330 0.3590 0.9327
vn -0.0044 0.2702 0.9628
vn 0.0242 0.1789 0.9836
vn 0.0526 0.0858 0.9949
vn 0.0806 -0.0081 0.9967
vn 0.1077 -0.1020 0.9889
vn 0.1338 -0.1948 0.9717
vn 0.1586 -0.2858 0.9451
vn 0.1819 -0.3741 0.9094
vn 0.2035 -0.4587 0.8650
vn 0.2231 -0.5390 0.8122
vn 0.2405 -0.6141 0.7517
vn 0.2557 -0.6833 0.6839
vn 0.2684 -0.7459 0.6096
vn 0.2785 -0.8014 0.5294
vn 0.2859 -0.8492 0.4440
vn 0.2906 -0.8888 0.3544
vn 0.2925 -0.9198 0.2614
vn 0.2916 -0.9421 0.1658
vn -0.2905 0.9563 0.0325
vn -0.2903 0.9480 0.1302
vn -0.2873 0.9306 0.2267
vn -0.2816 0.9042 0.3210
vn -0.2732 0.8692 0.4122
vn -0.2621 0.8257 0.4994
vn -0.2485 0.7744 0.5819
vn -0.2325 0.7156 0.6587
vn -0.2143 0.6499 0.7291
vn -0.1941 0.5780 0.7926
vn -0.1719 0.5006 0.8484
vn -0.1482 0.4184 0.8961
vn -0.1230 0.3321 0.9352
vn -0.0966 0.2426 0.9653
vn -0.0693 0.1509 0.9861
vn -0.0413 0.0577 0.9975
vn -0.0130 -0.0361 0.9993
vn 0.0155 -0.1296 0.9915
vn 0.0439 -0.2217 0.9741
vn 0.0718 -0.3118 0.9474
vn 0.0990 -0.3989 0.9116
vn 0.1253 -0.4821 0.8671
vn 0.1504 -0.5607 0.8142
vn 0.1740 -0.6340 0.7535
vn 0.1960 -0.7011 0.6856
vn 0.2161 -0.7616 0.6110
vn 0.2341 -0.8147 0.5306
vn 0.2499 -0.8600 0.4450
vn 0.2632 -0.8970 0.3552
vn 0.2741 -0.9254 0.2619
vn 0.2822 -0.9449 0.1661
vn -0.2998 0.9535 0.0318
vn -0.3087 0.9424 0.1289
vn -0.3146 0.9222 0.2247
vn -0.3175 0.8932 0.3183
vn -0.3174 0.8556 0.4089
vn -0.3142 0.8098 0.4955
vn -0.3080 0.7562 0.5774
vn -0.2988 0.6953 0.6537
vn -0.2867 0.6278 0.7237
vn -0.2719 0.5542 0.7867
vn -0.2545 0.4753 0.8422
vn -0.2347 0.3918 0.8896
vn -0.2125 0.3046 0.9285
vn -0.1884 0.2145 0.9584
vn -0.1624 0.1223 0.9791
vn -0.1349 0.0290 0.9904
vn -0.1061 -0.0647 0.9922
vn -0.0763 -0.1577 0.9845
vn -0.0457 -0.2492 0.9674
vn -0.0147 -0.3383 0.9409
vn 0.0164 -0.4242 0.9054
vn 0.0474 -0.5060 0.8612
vn 0.0780 -0.5829 0.8088
vn 0.1078 -0.6543 0.7485
vn 0.1365 -0.7194 0.6811
vn 0.1640 -0.7775 0.6071
vn 0.1899 -0.8282 0.5272
vn 0.2139 -0.8710 0.4423
vn 0.2359 -0.9053 0.3531
vn 0.2557 -0.9310 0.2605
vn 0.2729 -0.9477 0.1654
vn -0.3090 0.9506 0.0301
vn -0.3268 0.9367 0.1256
vn -0.3415 0.9138 0.2198
vn -0.3530 0.8821 0.3120
vn -0.3610 0.8419 0.4011
vn -0.3656 0.7937 0.4863
vn -0.3666 0.7378 0.5668
vn -0.3641 0.6748 0.6419
vn -0.3581 0.6053 0.7108
vn -0.3487 0.5301 0.7729
vn -0.3359 0.4497 0.8276
vn -0.3199 0.3651 0.8743
vn -0.3009 0.2769 0.9126
vn -0.2789 0.1861 0.9421
vn -0.2543 0.0935 0.9626
vn -0.2272 -0.0000 0.9738
vn -0.1979 -0.0935 0.9757
vn -0.1668 -0.1861 0.9683
vn -0.1340 -0.2769 0.9515
vn -0.1000 -0.3651 0.9256
vn -0.0650 -0.4497 0.8908
vn -0.0293 -0.5301 0.8474
vn 0.0066 -0.6053 0.7959
vn 0.0424 -0.6748 0.7368
vn 0.0779 -0.7378 0.6705
vn 0.1126 -0.7937 0.5979
vn 0.1463 -0.8419 0.5194
vn 0.1785 -0.8821 0.4359
vn 0.2090 -0.9138 0.3483
vn 0.2375 -0.9367 0.2573
vn 0.2637 -0.9506 0.1637
vn -0.3179 0.9477 0.0275
vn -0.3445 0.9310 0.1205
vn -0.3678 0.9053 0.2123
vn -0.3876 0.8710 0.3020
vn -0.4036 0.8282 0.3888
vn -0.4157 0.7775 0.4718
vn -0.4238 0.7194 0.5503
vn -0.4279 0.6543 0.6236
vn -0.4278 0.5829 0.6908
vn -0.4237 0.5060 0.7513
vn -0.4154 0.4242 0.8047
vn -0.4032 0.3383 0.8503
vn -0.3871 0.2492 0.8877
vn -0.3673 0.1577 0.9166
vn -0.3439 0.0647 0.9368
vn -0.3173 -0.0290 0.9479
vn -0.2876 -0.1223 0.9499
vn -0.2552 -0.2145 0.9428
vn -0.2203 -0.3046 0.9267
vn -0.1832 -0.3918 0.9016
vn -0.1445 -0.4753 0.8679
vn -0.1043 -0.5542 0.8258
vn -0.0631 -0.6278 0.7759
vn -0.0213 -0.6953 0.7184
vn 0.0207 -0.7562 0.6540
vn 0.0625 -0.8098 0.5834
vn 0.1037 -0.8556 0.5071
vn 0.1439 -0.8932 0.4260
vn 0.1827 -0.9222 0.3407
vn 0.2198 -0.9424 0.2522
vn 0.2548 -0.9535 0.1612
vn -0.3266 0.9449 0.0240
vn -0.3617 0.9254 0.1136
vn -0.3932 0.8970 0.2020
vn -0.4210 0.8600 0.2885
vn -0.4447 0.8147 0.3722
vn -0.4642 0.7616 0.4523
vn -0.4791 0.7011 0.5281
vn -0.4895 0.6340 0.5987
vn -0.4952 0.5607 0.6636
vn -0.4961 0.4821 0.7221
vn -0.4922 0.3989 0.7737
vn -0.4836 0.3118 0.8179
vn -0.4704 0.2217 0.8541
vn -0.4527 0.1295 0.8822
vn -0.4306 0.0361 0.9018
vn -0.4043 -0.0577 0.9128
vn -0.3742 -0.1509 0.9150
vn -0.3405 -0.2426 0.9084
vn -0.3036 -0.3321 0.8931
vn -0.2637 -0.4184 0.8692
vn -0.2213 -0.5006 0.8369
vn -0.1767 -0.5780 0.7966
vn -0.1304 -0.6499 0.7487
vn -0.0829 -0.7156 0.6936
vn -0.0346 -0.7744 0.6318
vn 0.0140 -0.8257 0.5639
vn 0.0625 -0.8692 0.4905
vn 0.1105 -0.9042 0.4125
vn 0.1573 -0.9306 0.3305
vn 0.2027 -0.9480 0.2453
vn 0.2461 -0.9563 0.1577
vn -0.3349 0.9421 0.0197
vn -0.3780 0.9198 0.1050
vn -0.4175 0.8888 0.1892
vn -0.4529 0.8492 0.2717
vn -0.4840 0.8014 0.3515
vn -0.5104 0.7459 0.4279
vn -0.5320 0.6833 0.5002
vn -0.5484 0.6141 0.5676
vn -0.5595 0.5390 0.6297
vn -0.5652 0.4587 0.6856
vn -0.5656 0.3741 0.7350
vn -0.5605 0.2858 0.7773
vn -0.5500 0.1948 0.8121
vn -0.5342 0.1020 0.8392
vn -0.5133 0.0081 0.8582
vn -0.4875 -0.0858 0.8689
vn -0.4570 -0.1789 0.8713
vn -0.4221 -0.2702 0.8653
vn -0.3831 -0.3590 0.8511
vn -0.3405 -0.4443 0.8286
vn -0.2946 -0.5254 0.7982
vn -0.2459 -0.6014 0.7601
vn -0.1948 -0.6717 0.7148
vn -0.1418 -0.7355 0.6625
vn -0.0875 -0.7923 0.6039
vn -0.0323 -0.8414 0.5394
vn 0.0232 -0.8825 0.4698
vn 0.0785 -0.9150 0.3956
vn 0.1331 -0.9388 0.3177
vn 0.1864 -0.9536 0.2366
vn 0.2378 -0.9591 0.1533
vn -0.3427 0.9393 0.0145
vn -0.3934 0.9145 0.0947
vn -0.4404 0.8808 0.1740
vn -0.4830 0.8387 0.2516
vn -0.5211 0.7885 0.3268
vn -0.5541 0.7307 0.3988
vn -0.5818 0.6659 0.4670
vn -0.6039 0.5947 0.5307
vn -0.6202 0.5179 0.5892
vn -0.6305 0.4360 0.6422
vn -0.6348 0.3500 0.6889
vn -0.6330 0.2606 0.7290
vn -0.6251 0.1687 0.7621
vn -0.6112 0.0752 0.7879
vn -0.5914 -0.0191 0.8062
vn -0.5659 -0.1131 0.8167
vn -0.5351 -0.2060 0.8193
vn -0.4990 -0.2970 0.8141
vn -0.4582 -0.3851 0.8011
vn -0.4130 -0.4696 0.7803
vn -0.3638 -0.5495 0.7521
vn -0.3111 -0.6242 0.7167
vn -0.2555 -0.6928 0.6743
vn -0.1973 -0.7548 0.6255
vn -0.1373 -0.8096 0.5707
vn -0.0759 -0.8566 0.5104
vn -0.0138 -0.8954 0.4451
vn 0.0484 -0.9255 0.3756
vn 0.1102 -0.9468 0.3024
vn 0.1709 -0.9589 0.2264
vn 0.2300 -0.9618 0.1481
vn -0.3500 0.9367 0.0085
vn -0.4078 0.9093 0.0829
vn -0.4616 0.8732 0.1564
vn -0.5111 0.8286 0.2285
vn -0.5556 0.7761 0.2984
vn -0.5947 0.7161 0.3653
vn -0.6282 0.6493 0.4288
vn -0.6556 0.5762 0.4881
vn -0.6767 0.4976 0.5427
vn -0.6912 0.4142 0.5921
vn -0.6992 0.3268 0.6359
vn -0.7004 0.2363 0.6735
vn -0.6949 0.1436 0.7046
vn -0.6828 0.0495 0.7290
vn -0.6640 -0.0451 0.7463
vn -0.6389 -0.1393 0.7565
vn -0.6077 -0.2321 0.7595
vn -0.5706 -0.3227 0.7551
vn -0.5281 -0.4102 0.7435
vn -0.4805 -0.4938 0.7248
vn -0.4282 -0.5726 0.6991
vn -0.3719 -0.6460 0.6667
vn -0.3119 -0.7131 0.6278
vn -0.2490 -0.7734 0.5830
vn -0.1837 -0.8263 0.5325
vn -0.1166 -0.8712 0.4769
vn -0.0483 -0.9078 0.4167
vn 0.0204 -0.9356 0.3525
vn 0.0889 -0.9544 0.2849
vn 0.1566 -0.9641 0.2145
vn 0.2228 -0.9645 0.1421
vn -0.3566 0.9343 0.0018
vn -0.4209 0.9044 0.0696
vn -0.4811 0.8659 0.1368
vn -0.5367 0.8191 0.2026
vn -0.5872 0.7643 0.2665
vn -0.6319 0.7023 0.3278
vn -0.6706 0.6335 0.3860
vn -0.7029 0.5586 0.4404
vn -0.7284 0.4783 0.4906
vn -0.7469 0.3935 0.5361
vn -0.7582 0.3049 0.5764
vn -0.7622 0.2134 0.6112
vn -0.7589 0.1198 0.6401
vn -0.7483 0.0251 0.6629
vn -0.7306 -0.0699 0.6793
vn -0.7058 -0.1642 0.6891
vn -0.6742 -0.2569 0.6924
vn -0.6362 -0.3471 0.6890
vn -0.5921 -0.4340 0.6790
vn -0.5422 -0.5168 0.6625
vn -0.4872 -0.5946 0.6396
vn -0.4275 -0.6667 0.6106
vn -0.3637 -0.7324 0.5757
vn -0.2963 -0.7910 0.5352
vn -0.2261 -0.8421 0.4897
vn -0.1538 -0.8850 0.4394
vn -0.0799 -0.9195 0.3848
vn -0.0053 -0.9451 0.3266
vn 0.0694 -0.9617 0.2652
vn 0.1434 -0.9690 0.2013
vn 0.2161 -0.9669 0.1354
vn -0.3626 0.9319 -0.0056
vn -0.4327 0.8998 0.0551
vn -0.4987 0.8591 0.1152
vn -0.5598 0.8101 0.1742
vn -0.6156 0.7533 0.2315
vn -0.6654 0.6893 0.2866
vn -0.7088 0.6187 0.3389
vn -0.7454 0.5421 0.3880
vn -0.7748 0.4603 0.4333
vn -0.7968 0.3741 0.4745
vn -0.8112 0.2843 0.5111
vn -0.8177 0.1918 0.5428
vn -0.8164 0.0975 0.5692
vn -0.8072 0.0022 0.5902
vn -0.7903 -0.0931 0.6056
vn -0.7658 -0.1875 0.6151
vn -0.7340 -0.2801 0.6187
vn -0.6951 -0.3700 0.6164
vn -0.6495 -0.4563 0.6082
vn -0.5977 -0.5383 0.5941
vn -0.5402 -0.6151 0.5743
vn -0.4774 -0.6861 0.5490
vn -0.4101 -0.7504 0.5184
vn -0.3388 -0.8075 0.4828
vn -0.2643 -0.8569 0.4426
vn -0.1872 -0.8980 0.3982
vn -0.1083 -0.9305 0.3499
vn -0.0283 -0.9541 0.2982
vn 0.0519 -0.9685 0.2436
vn 0.1316 -0.9735 0.1867
vn 0.2101 -0.9693 0.1280
vn -0.3678 0.9298 -0.0135
vn -0.4431 0.8956 0.0394
vn -0.5140 0.8528 0.0919
vn -0.5800 0.8019 0.1435
vn -0.6404 0.7432 0.1937
vn -0.6947 0.6773 0.2421
vn -0.7423 0.6050 0.2881
vn -0.7827 0.5269 0.3314
vn -0.8156 0.4437 0.3714
vn -0.8406 0.3562 0.4079
vn -0.8576 0.2654 0.4405
vn -0.8664 0.1720 0.4689
vn -0.8668 0.0769 0.4927
vn -0.8589 -0.0189 0.5118
vn -0.8428 -0.1145 0.5260
vn -0.8185 -0.2090 0.5351
vn -0.7864 -0.3015 0.5391
vn -0.7468 -0.3911 0.5380
vn -0.7000 -0.4769 0.5316
vn -0.6464 -0.5582 0.5202
vn -0.5867 -0.6341 0.5037
vn -0.5213 -0.7039 0.4825
vn -0.4509 -0.7670 0.4565
vn -0.3761 -0.8227 0.4262
vn -0.2978 -0.8705 0.3918
vn -0.2165 -0.9100 0.3536
vn -0.1332 -0.9407 0.3121
vn -0.0486 -0.9623 0.2675
vn 0.0365 -0.9747 0.2203
vn 0.1213 -0.9778 0.1710
vn 0.2049 -0.9714 0.1201
vn -0.3723 0.9279 -0.0220
vn -0.4519 0.8918 0.0226
vn -0.5271 0.8472 0.0670
vn -0.5972 0.7944 0.1108
vn -0.6616 0.7340 0.1535
vn -0.7196 0.6665 0.1947
vn -0.7707 0.5926 0.2340
vn -0.8144 0.5131 0.2711
vn -0.8502 0.4286 0.3056
vn -0.8779 0.3400 0.3371
vn -0.8971 0.2482 0.3654
vn -0.9078 0.1540 0.3902
vn -0.9097 0.0583 0.4112
vn -0.9028 -0.0380 0.4283
vn -0.8873 -0.1338 0.4413
vn -0.8633 -0.2284 0.4500
vn -0.8310 -0.3208 0.4544
vn -0.7907 -0.4102 0.4545
vn -0.7428 -0.4955 0.4502
vn -0.6878 -0.5762 0.4415
vn -0.6262 -0.6513 0.4286
vn -0.5585 -0.7201 0.4116
vn -0.4855 -0.7821 0.3907
vn -0.4078 -0.8365 0.3660
vn -0.3262 -0.8829 0.3378
vn -0.2415 -0.9208 0.3063
vn -0.1544 -0.9499 0.2718
vn -0.0658 -0.9698 0.2348
vn 0.0235 -0.9804 0.1955
vn 0.1125 -0.9816 0.1543
vn 0.2004 -0.9733 0.1116
vn -0.3759 0.9261 -0.0309
vn -0.4590 0.8884 0.0050
vn -0.5377 0.8421 0.0409
vn -0.6112 0.7877 0.0765
vn -0.6789 0.7258 0.1112
vn -0.7399 0.6569 0.1449
vn -0.7939 0.5817 0.1772
vn -0.8402 0.5009 0.2078
vn -0.8785 0.4153 0.2364
vn -0.9083 0.3257 0.2627
vn -0.9293 0.2329 0.2865
vn -0.9415 0.1380 0.3075
vn -0.9446 0.0417 0.3256
vn -0.9386 -0.0549 0.3406
vn -0.9236 -0.1510 0.3523
vn -0.8998 -0.2457 0.3606
vn -0.8673 -0.3380 0.3654
vn -0.8265 -0.4271 0.3667
vn -0.7777 -0.5121 0.3645
vn -0.7215 -0.5921 0.3589
vn -0.6584 -0.6665 0.3497
vn -0.5889 -0.7345 0.3372
vn -0.5137 -0.7954 0.3215
vn -0.4337 -0.8487 0.3027
vn -0.3494 -0.8939 0.2809
vn -0.2618 -0.9304 0.2565
vn -0.1716 -0.9580 0.2296
vn -0.0798 -0.9765 0.2004
vn 0.0128 -0.9855 0.1694
vn 0.1053 -0.9850 0.1367
vn 0.1968 -0.9750 0.1027
vn -0.3787 0.9247 -0.0402
vn -0.4645 0.8855 -0.0132
vn -0.5458 0.8378 0.0138
vn -0.6219 0.7820 0.0408
vn -0.6920 0.7188 0.0673
vn -0.7554 0.6486 0.0932
vn -0.8116 0.5722 0.1182
vn -0.8599 0.4903 0.1420
vn -0.9000 0.4037 0.1645
vn -0.9314 0.3133 0.1854
vn -0.9539 0.2198 0.2045
vn -0.9672 0.1242 0.2217
vn -0.9712 0.0275 0.2367
vn -0.9659 -0.0695 0.2494
vn -0.9513 -0.1659 0.2598
vn -0.9276 -0.2606 0.2676
vn -0.8950 -0.3529 0.2729
vn -0.8538 -0.4417 0.2756
vn -0.8044 -0.5264 0.2756
vn -0.7472 -0.6059 0.2730
vn -0.6829 -0.6797 0.2677
vn -0.6120 -0.7469 0.2599
vn -0.5353 -0.8070 0.2496
vn -0.4533 -0.8593 0.2369
vn -0.3671 -0.9033 0.2219
vn -0.2772 -0.9387 0.2048
vn -0.1847 -0.9651 0.1857
vn -0.0905 -0.9822 0.1648
vn 0.0047 -0.9898 0.1423
vn 0.0998 -0.9879 0.1184
vn 0.1940 -0.9765 0.0934
vn -0.3806 0.9234 -0.0497
vn -0.4682 0.8830 -0.0320
vn -0.5514 0.8342 -0.0140
vn -0.6292 0.7773 0.0041
vn -0.7009 0.7129 0.0222
vn -0.7659 0.6417 0.0400
vn -0.8236 0.5643 0.0575
vn -0.8733 0.4815 0.0744
vn -0.9146 0.3941 0.0906
vn -0.9471 0.3029 0.1060
vn -0.9705 0.2089 0.1203
vn -0.9846 0.1128 0.1334
vn -0.9893 0.0156 0.1453
vn -0.9844 -0.0817 0.1558
vn -0.9701 -0.1782 0.1647
vn -0.9465 -0.2730 0.1721
vn -0.9138 -0.3652 0.1779
vn -0.8723 -0.4539 0.1819
vn -0.8224 -0.5382 0.1842
vn -0.7647 -0.6174 0.1847
vn -0.6996 -0.6906 0.1835
vn -0.6277 -0.7572 0.1805
vn -0.5499 -0.8166 0.1757
vn -0.4667 -0.8681 0.1693
vn -0.3791 -0.9112 0.1612
vn -0.2878 -0.9456 0.1516
vn -0.1937 -0.9710 0.1405
vn -0.0977 -0.9869 0.1281
vn -0.0008 -0.9934 0.1144
vn 0.0961 -0.9904 0.0997
vn 0.1922 -0.9778 0.0839
vn -0.3815 0.9224 -0.0593
vn -0.4701 0.8811 -0.0511
vn -0.5542 0.8313 -0.0424
vn -0.6329 0.7735 -0.0332
vn -0.7055 0.7083 -0.0237
vn -0.7714 0.6362 -0.0140
vn -0.8298 0.5581 -0.0042
vn -0.8802 0.4746 0.0057
vn -0.9221 0.3866 0.0155
vn -0.9552 0.2948 0.0251
vn -0.9791 0.2002 0.0345
vn -0.9936 0.1037 0.0436
vn -0.9986 0.0063 0.0523
vn -0.9940 -0.0913 0.0605
vn -0.9798 -0.1879 0.0681
vn -0.9562 -0.2828 0.0750
vn -0.9235 -0.3749 0.0812
vn -0.8819 -0.4635 0.0866
vn -0.8318 -0.5476 0.0912
vn -0.7737 -0.6264 0.0950
vn -0.7082 -0.6992 0.0978
vn -0.6359 -0.7654 0.0996
vn -0.5574 -0.8241 0.1006
vn -0.4736 -0.8750 0.1005
vn -0.3853 -0.9174 0.0995
vn -0.2932 -0.9511 0.0975
vn -0.1983 -0.9756 0.0946
vn -0.1015 -0.9907 0.0908
vn -0.0036 -0.9963 0.0861
vn 0.0942 -0.9923 0.0806
vn 0.1912 -0.9787 0.0743
vn -0.3816 0.9217 -0.0691
vn -0.4702 0.8797 -0.0703
vn -0.5544 0.8292 -0.0709
vn -0.6331 0.7708 -0.0708
vn -0.7058 0.7049 -0.0700
vn -0.7717 0.6323 -0.0685
vn -0.8301 0.5536 -0.0664
vn -0.8806 0.4696 -0.0636
vn -0.9226 0.3811 -0.0603
vn -0.9557 0.2889 -0.0563
vn -0.9796 0.1940 -0.0518
vn -0.9942 0.0972 -0.0468
vn -0.9991 -0.0005 -0.0414
vn -0.9945 -0.0982 -0.0355
vn -0.9804 -0.1950 -0.0294
vn -0.9568 -0.2898 -0.0229
vn -0.9240 -0.3819 -0.0162
vn -0.8824 -0.4704 -0.0094
vn -0.8323 -0.5543 -0.0025
vn -0.7742 -0.6329 0.0045
vn -0.7087 -0.7055 0.0114
vn -0.6363 -0.7712 0.0182
vn -0.5578 -0.8296 0.0248
vn -0.4740 -0.8800 0.0312
vn -0.3856 -0.9219 0.0373
vn -0.2935 -0.9550 0.0430
vn -0.1985 -0.9789 0.0484
vn -0.1017 -0.9934 0.0532
vn -0.0038 -0.9983 0.0575
vn 0.0941 -0.9937 0.0613
vn 0.1911 -0.9794 0.0645
vn -0.3807 0.9213 -0.0788
vn -0.4685 0.8789 -0.0895
vn -0.5518 0.8280 -0.0994
vn -0.6298 0.7692 -0.1083
vn -0.7017 0.7029 -0.1161
vn -0.7668 0.6300 -0.1229
vn -0.8246 0.5509 -0.1284
vn -0.8744 0.4666 -0.1328
vn -0.9159 0.3778 -0.1358
vn -0.9485 0.2854 -0.1376
vn -0.9720 0.1903 -0.1380
vn -0.9862 0.0933 -0.1371
vn -0.9909 -0.0046 -0.1348
vn -0.9860 -0.1024 -0.1313
vn -0.9718 -0.1992 -0.1265
vn -0.9481 -0.2941 -0.1206
vn -0.9154 -0.3862 -0.1134
vn -0.8739 -0.4746 -0.1052
vn -0.8240 -0.5584 -0.0959
vn -0.7662 -0.6369 -0.0857
vn -0.7010 -0.7092 -0.0748
vn -0.6291 -0.7748 -0.0630
vn -0.5511 -0.8329 -0.0507
vn -0.4679 -0.8830 -0.0379
vn -0.3801 -0.9246 -0.0247
vn -0.2887 -0.9574 -0.0113
vn -0.1945 -0.9809 0.0022
vn -0.0983 -0.9950 0.0157
vn -0.0013 -0.9996 0.0291
vn 0.0958 -0.9945 0.0421
vn 0.1920 -0.9799 0.0548
vn -0.3790 0.9212 -0.0884
vn -0.4651 0.8786 -0.1085
vn -0.5466 0.8276 -0.1275
vn -0.6230 0.7686 -0.1453
vn -0.6933 0.7023 -0.1617
vn -0.7569 0.6292 -0.1766
vn -0.8133 0.5500 -0.1897
vn -0.8618 0.4656 -0.2011
vn -0.9021 0.3767 -0.2105
vn -0.9337 0.2842 -0.2178
vn -0.9563 0.1890 -0.2231
vn -0.9697 0.0920 -0.2262
vn -0.9738 -0.0059 -0.2272
vn -0.9686 -0.1038 -0.2260
vn -0.9541 -0.2006 -0.2226
vn -0.9304 -0.2955 -0.2171
vn -0.8977 -0.3876 -0.2094
vn -0.8565 -0.4760 -0.1998
vn -0.8070 -0.5597 -0.1883
vn -0.7498 -0.6382 -0.1749
vn -0.6853 -0.7105 -0.1599
vn -0.6143 -0.7759 -0.1433
vn -0.5374 -0.8340 -0.1254
vn -0.4553 -0.8840 -0.1062
vn -0.3688 -0.9255 -0.0860
vn -0.2788 -0.9582 -0.0650
vn -0.1860 -0.9816 -0.0434
vn -0.0915 -0.9956 -0.0214
vn 0.0039 -1.0000 0.0009
vn 0.0993 -0.9948 0.0232
vn 0.1938 -0.9800 0.0452
vn -0.3763 0.9213 -0.0978
vn -0.4598 0.8789 -0.1271
vn -0.5388 0.8280 -0.1551
vn -0.6127 0.7692 -0.1816
vn -0.6807 0.7029 -0.2064
vn -0.7421 0.6300 -0.2291
vn -0.7963 0.5509 -0.2497
vn -0.8429 0.4666 -0.2679
vn -0.8814 0.3778 -0.2835
vn -0.9114 0.2854 -0.2964
vn -0.9327 0.1903 -0.3064
vn -0.9450 0.0933 -0.3135
vn -0.9482 -0.0046 -0.3176
vn -0.9424 -0.1024 -0.3186
vn -0.9274 -0.1992 -0.3165
vn -0.9036 -0.2941 -0.3115
vn -0.8711 -0.3862 -0.3034
vn -0.8302 -0.4746 -0.2924
vn -0.7814 -0.5584 -0.2786
vn -0.7250 -0.6369 -0.2622
vn -0.6617 -0.7092 -0.2432
vn -0.5921 -0.7748 -0.2219
vn -0.5167 -0.8329 -0.1984
vn -0.4364 -0.8830 -0.1730
vn -0.3518 -0.9246 -0.1460
vn -0.2639 -0.9574 -0.1176
vn -0.1734 -0.9809 -0.0880
vn -0.0812 -0.9950 -0.0576
vn 0.0117 -0.9996 -0.0266
vn 0.1046 -0.9945 0.0046
vn 0.1964 -0.9799 0.0358
vn -0.3728 0.9217 -0.1069
vn -0.4528 0.8797 -0.1450
vn -0.5285 0.8292 -0.1817
vn -0.5991 0.7708 -0.2167
vn -0.6639 0.7049 -0.2496
vn -0.7223 0.6323 -0.2800
vn -0.7738 0.5536 -0.3078
vn -0.8178 0.4696 -0.3326
vn -0.8540 0.3811 -0.3542
vn -0.8819 0.2889 -0.3724
vn -0.9014 0.1940 -0.3870
vn -0.9122 0.0972 -0.3980
vn -0.9143 -0.0005 -0.4050
vn -0.9076 -0.0982 -0.4082
vn -0.8921 -0.1950 -0.4075
vn -0.8682 -0.2898 -0.4029
vn -0.8358 -0.3819 -0.3944
vn -0.7955 -0.4704 -0.3821
vn -0.7475 -0.5543 -0.3661
vn -0.6923 -0.6329 -0.3466
vn -0.6305 -0.7055 -0.3238
vn -0.5626 -0.7712 -0.2979
vn -0.4893 -0.8296 -0.2691
vn -0.4113 -0.8800 -0.2378
vn -0.3293 -0.9219 -0.2041
vn -0.2442 -0.9550 -0.1685
vn -0.1566 -0.9789 -0.1312
vn -0.0676 -0.9934 -0.0927
vn 0.0220 -0.9983 -0.0533
vn 0.1115 -0.9937 -0.0134
vn 0.2000 -0.9794 0.0267
vn -0.3684 0.9224 -0.1156
vn -0.4442 0.8811 -0.1622
vn -0.5157 0.8313 -0.2073
vn -0.5823 0.7735 -0.2503
vn -0.6432 0.7083 -0.2909
vn -0.6979 0.6362 -0.3288
vn -0.7460 0.5581 -0.3634
vn -0.7868 0.4746 -0.3946
vn -0.8201 0.3866 -0.4219
vn -0.8455 0.2948 -0.4452
vn -0.8628 0.2002 -0.4643
vn -0.8718 0.1037 -0.4788
vn -0.8724 0.0063 -0.4888
vn -0.8646 -0.0913 -0.4941
vn -0.8485 -0.1879 -0.4946
vn -0.8243 -0.2828 -0.4904
vn -0.7922 -0.3749 -0.4815
vn -0.7525 -0.4635 -0.4679
vn -0.7055 -0.5476 -0.4499
vn -0.6518 -0.6264 -0.4275
vn -0.5918 -0.6992 -0.4011
vn -0.5261 -0.7653 -0.3707
vn -0.4554 -0.8241 -0.3368
vn -0.3802 -0.8750 -0.2997
vn -0.3015 -0.9174 -0.2597
vn -0.2198 -0.9511 -0.2172
vn -0.1359 -0.9756 -0.1726
vn -0.0508 -0.9907 -0.1263
vn 0.0348 -0.9963 -0.0788
vn 0.1201 -0.9923 -0.0306
vn 0.2043 -0.9787 0.0180
vn -0.3633 0.9234 -0.1239
vn -0.4340 0.8830 -0.1785
vn -0.5006 0.8342 -0.2314
vn -0.5624 0.7773 -0.2821
vn -0.6187 0.7129 -0.3301
vn -0.6691 0.6417 -0.3748
vn -0.7131 0.5643 -0.4160
vn -0.7502 0.4815 -0.4532
vn -0.7800 0.3941 -0.4860
vn -0.8024 0.3029 -0.5141
vn -0.8171 0.2089 -0.5373
vn -0.8239 0.1128 -0.5554
vn -0.8228 0.0156 -0.5681
vn -0.8138 -0.0817 -0.5753
vn -0.7970 -0.1782 -0.5770
vn -0.7726 -0.2730 -0.5732
vn -0.7407 -0.3652 -0.5639
vn -0.7017 -0.4539 -0.5491
vn -0.6560 -0.5382 -0.5291
vn -0.6040 -0.6174 -0.5040
vn -0.5461 -0.6906 -0.4741
vn -0.4831 -0.7572 -0.4396
vn -0.4153 -0.8166 -0.4009
vn -0.3436 -0.8681 -0.3583
vn -0.2686 -0.9112 -0.3123
vn -0.1910 -0.9456 -0.2633
vn -0.1115 -0.9710 -0.2117
vn -0.0309 -0.9869 -0.1581
vn 0.0499 -0.9934 -0.1030
vn 0.1303 -0.9904 -0.0468
vn 0.2095 -0.9778 0.0098
vn -0.3574 0.9247 -0.1316
vn -0.4224 0.8855 -0.1937
vn -0.4834 0.8378 -0.2540
vn -0.5397 0.7820 -0.3118
vn -0.5908 0.7188 -0.3666
vn -0.6362 0.6486 -0.4179
vn -0.6755 0.5722 -0.4651
vn -0.7083 0.4903 -0.5079
vn -0.7343 0.4037 -0.5458
vn -0.7532 0.3133 -0.5784
vn -0.7649 0.2198 -0.6055
vn -0.7692 0.1242 -0.6268
vn -0.7662 0.0275 -0.6420
vn -0.7558 -0.0695 -0.6511
vn -0.7381 -0.1659 -0.6539
vn -0.7134 -0.2606 -0.6505
vn -0.6818 -0.3529 -0.6408
vn -0.6437 -0.4417 -0.6250
vn -0.5993 -0.5263 -0.6031
vn -0.5493 -0.6059 -0.5755
vn -0.4939 -0.6797 -0.5423
vn -0.4338 -0.7469 -0.5039
vn -0.3695 -0.8070 -0.4607
vn -0.3017 -0.8593 -0.4130
vn -0.2310 -0.9033 -0.3614
vn -0.1580 -0.9387 -0.3063
vn -0.0835 -0.9651 -0.2482
vn -0.0082 -0.9822 -0.1878
vn 0.0672 -0.9898 -0.1255
vn 0.1419 -0.9879 -0.0620
vn 0.2154 -0.9765 0.0021
vn -0.3508 0.9261 -0.1386
vn -0.4094 0.8884 -0.2077
vn -0.4641 0.8421 -0.2747
vn -0.5143 0.7877 -0.3390
vn -0.5595 0.7258 -0.4002
vn -0.5994 0.6569 -0.4574
vn -0.6335 0.5817 -0.5102
vn -0.6615 0.5009 -0.5582
vn -0.6832 0.4153 -0.6007
vn -0.6982 0.3257 -0.6375
vn -0.7066 0.2329 -0.6682
vn -0.7082 0.1380 -0.6924
vn -0.7030 0.0417 -0.7100
vn -0.6910 -0.0549 -0.7208
vn -0.6724 -0.1510 -0.7246
vn -0.6473 -0.2457 -0.7215
vn -0.6161 -0.3380 -0.7115
vn -0.5789 -0.4271 -0.6946
vn -0.5361 -0.5121 -0.6711
vn -0.4882 -0.5921 -0.6411
vn -0.4356 -0.6665 -0.6050
vn -0.3789 -0.7345 -0.5630
vn -0.3184 -0.7954 -0.5156
vn -0.2549 -0.8487 -0.4633
vn -0.1890 -0.8939 -0.4065
vn -0.1212 -0.9304 -0.3458
vn -0.0523 -0.9580 -0.2818
vn 0.0172 -0.9765 -0.2151
vn 0.0865 -0.9855 -0.1462
vn 0.1549 -0.9850 -0.0760
vn 0.2219 -0.9750 -0.0050
vn -0.3436 0.9279 -0.1450
vn -0.3952 0.8918 -0.2203
vn -0.4430 0.8472 -0.2934
vn -0.4865 0.7944 -0.3637
vn -0.5254 0.7340 -0.4304
vn -0.5592 0.6665 -0.4931
vn -0.5876 0.5926 -0.5509
vn -0.6103 0.5131 -0.6035
vn -0.6272 0.4286 -0.6503
vn -0.6381 0.3400 -0.6908
vn -0.6428 0.2482 -0.7247
vn -0.6414 0.1540 -0.7516
vn -0.6338 0.0583 -0.7713
vn -0.6201 -0.0380 -0.7836
vn -0.6004 -0.1338 -0.7884
vn -0.5750 -0.2284 -0.7856
vn -0.5441 -0.3208 -0.7752
vn -0.5080 -0.4102 -0.7575
vn -0.4669 -0.4955 -0.7324
vn -0.4214 -0.5762 -0.7003
vn -0.3719 -0.6513 -0.6615
vn -0.3187 -0.7201 -0.6163
vn -0.2625 -0.7821 -0.5652
vn -0.2038 -0.8365 -0.5087
vn -0.1431 -0.8829 -0.4472
vn -0.0810 -0.9208 -0.3815
vn -0.0181 -0.9499 -0.3121
vn 0.0449 -0.9698 -0.2397
vn 0.1075 -0.9804 -0.1649
vn 0.1691 -0.9816 -0.0886
vn 0.2291 -0.9733 -0.0114
vn -0.3359 0.9298 -0.1506
vn -0.3799 0.8956 -0.2314
vn -0.4203 0.8528 -0.3099
vn -0.4566 0.8019 -0.3854
vn -0.4886 0.7432 -0.4571
vn -0.5158 0.6773 -0.5245
vn -0.5381 0.6050 -0.5868
vn -0.5552 0.5269 -0.6435
vn -0.5670 0.4437 -0.6940
vn -0.5733 0.3562 -0.7378
vn -0.5741 0.2654 -0.7746
vn -0.5694 0.1720 -0.8038
vn -0.5593 0.0769 -0.8254
vn -0.5437 -0.0189 -0.8390
vn -0.5230 -0.1145 -0.8446
vn -0.4972 -0.2090 -0.8421
vn -0.4666 -0.3015 -0.8315
vn -0.4316 -0.3911 -0.8129
vn -0.3924 -0.4769 -0.7865
vn -0.3495 -0.5582 -0.7525
vn -0.3032 -0.6341 -0.7113
vn -0.2540 -0.7039 -0.6633
vn -0.2023 -0.7670 -0.6089
vn -0.1487 -0.8227 -0.5487
vn -0.0936 -0.8705 -0.4831
vn -0.0377 -0.9100 -0.4130
vn 0.0187 -0.9407 -0.3388
vn 0.0748 -0.9623 -0.2614
vn 0.1302 -0.9747 -0.1814
vn 0.1844 -0.9778 -0.0997
vn 0.2369 -0.9714 -0.0170
vn -0.3276 0.9319 -0.1554
vn -0.3637 0.8998 -0.2409
vn -0.3962 0.8591 -0.3240
vn -0.4249 0.8101 -0.4039
vn -0.4496 0.7533 -0.4800
vn -0.4699 0.6893 -0.5515
vn -0.4856 0.6187 -0.6176
vn -0.4967 0.5421 -0.6778
vn -0.5031 0.4603 -0.7315
vn -0.5046 0.3741 -0.7781
vn -0.5012 0.2843 -0.8173
vn -0.4931 0.1918 -0.8486
vn -0.4802 0.0975 -0.8717
vn -0.4627 0.0022 -0.8865
vn -0.4408 -0.0931 -0.8928
vn -0.4146 -0.1875 -0.8905
vn -0.3844 -0.2801 -0.8796
vn -0.3506 -0.3700 -0.8604
vn -0.3134 -0.4563 -0.8328
vn -0.2731 -0.5383 -0.7972
vn -0.2303 -0.6151 -0.7540
vn -0.1852 -0.6860 -0.7036
vn -0.1384 -0.7504 -0.6464
vn -0.0902 -0.8075 -0.5829
vn -0.0411 -0.8569 -0.5139
vn 0.0083 -0.8980 -0.4399
vn 0.0577 -0.9305 -0.3617
vn 0.1065 -0.9541 -0.2799
vn 0.1543 -0.9685 -0.1955
vn 0.2007 -0.9735 -0.1092
vn 0.2451 -0.9693 -0.0218
vn -0.3190 0.9343 -0.1594
vn -0.3466 0.9044 -0.2487
vn -0.3709 0.8659 -0.3356
vn -0.3917 0.8191 -0.4192
vn -0.4086 0.7643 -0.4988
vn -0.4216 0.7023 -0.5736
vn -0.4306 0.6335 -0.6429
vn -0.4354 0.5586 -0.7060
vn -0.4361 0.4783 -0.7623
vn -0.4325 0.3935 -0.8112
vn -0.4248 0.3049 -0.8524
vn -0.4131 0.2134 -0.8854
vn -0.3973 0.1198 -0.9098
vn -0.3777 0.0251 -0.9256
vn -0.3546 -0.0699 -0.9324
vn -0.3280 -0.1642 -0.9303
vn -0.2982 -0.2569 -0.9193
vn -0.2656 -0.3471 -0.8994
vn -0.2305 -0.4340 -0.8709
vn -0.1931 -0.5168 -0.8340
vn -0.1539 -0.5946 -0.7892
vn -0.1132 -0.6667 -0.7367
vn -0.0714 -0.7324 -0.6772
vn -0.0289 -0.7910 -0.6111
vn 0.0139 -0.8421 -0.5392
vn 0.0565 -0.8850 -0.4621
vn 0.0986 -0.9195 -0.3805
vn 0.1398 -0.9451 -0.2952
vn 0.1796 -0.9617 -0.2071
vn 0.2177 -0.9690 -0.1170
vn 0.2537 -0.9669 -0.0258
vn -0.3101 0.9367 -0.1625
vn -0.3290 0.9093 -0.2548
vn -0.3448 0.8732 -0.3446
vn -0.3572 0.8286 -0.4311
vn -0.3662 0.7761 -0.5134
vn -0.3717 0.7161 -0.5908
vn -0.3736 0.6493 -0.6625
vn -0.3719 0.5762 -0.7278
vn -0.3666 0.4976 -0.7861
vn -0.3578 0.4142 -0.8369
vn -0.3456 0.3268 -0.8796
vn -0.3301 0.2363 -0.9139
vn -0.3114 0.1436 -0.9394
vn -0.2897 0.0495 -0.9558
vn -0.2652 -0.0451 -0.9631
vn -0.2382 -0.1393 -0.9612
vn -0.2089 -0.2321 -0.9500
vn -0.1776 -0.3227 -0.9297
vn -0.1445 -0.4102 -0.9004
vn -0.1101 -0.4938 -0.8626
vn -0.0747 -0.5726 -0.8164
vn -0.0385 -0.6460 -0.7624
vn -0.0019 -0.7131 -0.7010
vn 0.0347 -0.7734 -0.6330
vn 0.0709 -0.8263 -0.5588
vn 0.1065 -0.8712 -0.4792
vn 0.1411 -0.9078 -0.3951
vn 0.1743 -0.9356 -0.3071
vn 0.2058 -0.9544 -0.2161
vn 0.2354 -0.9641 -0.1231
vn 0.2627 -0.9645 -0.0289
vn -0.3009 0.9393 -0.1646
vn -0.3109 0.9145 -0.2590
vn -0.3179 0.8808 -0.3509
vn -0.3218 0.8387 -0.4394
vn -0.3227 0.7885 -0.5236
vn -0.3204 0.7307 -0.6028
vn -0.3151 0.6659 -0.6762
vn -0.3067 0.5947 -0.7431
vn -0.2954 0.5179 -0.8028
vn -0.2813 0.4360 -0.8549
vn -0.2644 0.3500 -0.8987
vn -0.2450 0.2606 -0.9338
vn -0.2233 0.1687 -0.9601
vn -0.1994 0.0752 -0.9770
vn -0.1736 -0.0190 -0.9846
vn -0.1461 -0.1131 -0.9828
vn -0.1173 -0.2060 -0.9715
vn -0.0873 -0.2970 -0.9509
vn -0.0564 -0.3851 -0.9211
vn -0.0251 -0.4696 -0.8825
vn 0.0066 -0.5495 -0.8355
vn 0.0381 -0.6242 -0.7804
vn 0.0693 -0.6928 -0.7178
vn 0.0998 -0.7548 -0.6483
vn 0.1294 -0.8096 -0.5725
vn 0.1578 -0.8566 -0.4913
vn 0.1846 -0.8954 -0.4053
vn 0.2096 -0.9255 -0.3154
vn 0.2327 -0.9468 -0.2224
vn 0.2535 -0.9589 -0.1273
vn 0.2718 -0.9618 -0.0310
vn -0.2916 0.9421 -0.1658
vn -0.2925 0.9198 -0.2614
vn -0.2906 0.8888 -0.3544
vn -0.2859 0.8492 -0.4440
vn -0.2785 0.8014 -0.5294
vn -0.2684 0.7459 -0.6096
vn -0.2557 0.6833 -0.6839
vn -0.2405 0.6141 -0.7517
vn -0.2231 0.5390 -0.8122
vn -0.2035 0.4587 -0.8650
vn -0.1819 0.3741 -0.9094
vn -0.1586 0.2858 -0.9451
vn -0.1338 0.1948 -0.9717
vn -0.1077 0.1020 -0.9889
vn -0.0806 0.0081 -0.9967
vn -0.0526 -0.0858 -0.9949
vn -0.0242 -0.1789 -0.9836
vn 0.0044 -0.2702 -0.9628
vn 0.0330 -0.3590 -0.9327
vn 0.0613 -0.4443 -0.8938
vn 0.0890 -0.5254 -0.8462
vn 0.1159 -0.6014 -0.7905
vn 0.1416 -0.6717 -0.7272
vn 0.1660 -0.7355 -0.6568
vn 0.1888 -0.7923 -0.5802
vn 0.2098 -0.8414 -0.4980
vn 0.2287 -0.8825 -0.4110
vn 0.2455 -0.9150 -0.3200
vn 0.2599 -0.9388 -0.2260
vn 0.2718 -0.9536 -0.1297
vn 0.2811 -0.9591 -0.0322
vn -0.2822 0.9449 -0.1661
vn -0.2741 0.9254 -0.2619
vn -0.2632 0.8970 -0.3552
vn -0.2499 0.8600 -0.4450
vn -0.2341 0.8147 -0.5306
vn -0.2161 0.7616 -0.6110
vn -0.1960 0.7011 -0.6856
vn -0.1740 0.6340 -0.7535
vn -0.1504 0.5607 -0.8142
vn -0.1253 0.4821 -0.8671
vn -0.0990 0.3989 -0.9116
vn -0.0718 0.3118 -0.9474
vn -0.0439 0.2217 -0.9741
vn -0.0155 0.1296 -0.9915
vn 0.0130 0.0361 -0.9993
vn 0.0413 -0.0577 -0.9975
vn 0.0693 -0.1509 -0.9861
vn 0.0966 -0.2426 -0.9653
vn 0.1230 -0.3321 -0.9352
vn 0.1482 -0.4184 -0.8961
vn 0.1719 -0.5006 -0.8484
vn 0.1941 -0.5780 -0.7926
vn 0.2143 -0.6499 -0.7291
vn 0.2325 -0.7156 -0.6587
vn 0.2485 -0.7744 -0.5819
vn 0.2621 -0.8257 -0.4994
vn 0.2732 -0.8692 -0.4122
vn 0.2816 -0.9042 -0.3210
vn 0.2873 -0.9306 -0.2267
vn 0.2903 -0.9480 -0.1302
vn 0.2905 -0.9563 -0.0325
vn -0.2729 0.9477 -0.1654
vn -0.2557 0.9310 -0.2605
vn -0.2359 0.9053 -0.3531
vn -0.2139 0.8710 -0.4423
vn -0.1899 0.8282 -0.5272
vn -0.1640 0.7775 -0.6071
vn -0.1365 0.7194 -0.6811
vn -0.1078 0.6543 -0.7485
vn -0.0780 0.5829 -0.8088
vn -0.0474 0.5060 -0.8612
vn -0.0164 0.4242 -0.9054
vn 0.0147 0.3383 -0.9409
vn 0.0457 0.2492 -0.9674
vn 0.0763 0.1577 -0.9845
vn 0.1061 0.0647 -0.9922
vn 0.1349 -0.0290 -0.9904
vn 0.1624 -0.1223 -0.9791
vn 0.1884 -0.2145 -0.9584
vn 0.2125 -0.3046 -0.9285
vn 0.2347 -0.3918 -0.8896
vn 0.2545 -0.4753 -0.8422
vn 0.2719 -0.5542 -0.7867
vn 0.2867 -0.6278 -0.7237
vn 0.2988 -0.6953 -0.6537
vn 0.3080 -0.7562 -0.5774
vn 0.3142 -0.8098 -0.4955
vn 0.3174 -0.8556 -0.4089
vn 0.3175 -0.8932 -0.3183
vn 0.3146 -0.9222 -0.2247
vn 0.3087 -0.9424 -0.1288
vn 0.2998 -0.9535 -0.0318
vn -0.2637 0.9506 -0.1637
vn -0.2375 0.9367 -0.2573
vn -0.2090 0.9138 -0.3483
vn -0.1785 0.8821 -0.4359
vn -0.1463 0.8419 -0.5194
vn -0.1126 0.7937 -0.5979
vn -0.0779 0.7378 -0.6705
vn -0.0425 0.6748 -0.7368
vn -0.0066 0.6053 -0.7959
vn 0.0293 0.5301 -0.8474
vn 0.0650 0.4497 -0.8908
vn 0.1000 0.3651 -0.9256
vn 0.1340 0.2769 -0.9515
vn 0.1668 0.1861 -0.9683
vn 0.1979 0.0935 -0.9757
vn 0.2272 -0.0000 -0.9738
vn 0.2543 -0.0935 -0.9626
vn 0.2789 -0.1861 -0.9421
vn 0.3009 -0.2769 -0.9126
vn 0.3199 -0.3651 -0.8743
vn 0.3359 -0.4497 -0.8276
vn 0.3487 -0.5301 -0.7729
vn 0.3581 -0.6053 -0.7108
vn 0.3641 -0.6748 -0.6419
vn 0.3666 -0.7378 -0.5668
vn 0.3656 -0.7937 -0.4863
vn 0.3610 -0.8419 -0.4011
vn 0.3530 -0.8821 -0.3120
vn 0.3415 -0.9138 -0.2198
vn 0.3268 -0.9367 -0.1256
vn 0.3090 -0.9506 -0.0301
vn -0.2548 0.9535 -0.1612
vn -0.2198 0.9424 -0.2522
vn -0.1827 0.9222 -0.3407
vn -0.1439 0.8932 -0.4260
vn -0.1037 0.8556 -0.5071
vn -0.0625 0.8098 -0.5834
vn -0.0207 0.7562 -0.6540
vn 0.0213 0.6953 -0.7184
vn 0.0631 0.6278 -0.7759
vn 0.1043 0.5542 -0.8258
vn 0.1445 0.4753 -0.8679
vn 0.1832 0.3918 -0.9016
vn 0.2203 0.3046 -0.9267
vn 0.2552 0.2145 -0.9428
vn 0.2876 0.1223 -0.9499
vn 0.3173 0.0290 -0.9479
vn 0.3439 -0.0647 -0.9368
vn 0.3673 -0.1577 -0.9166
vn 0.3871 -0.2492 -0.8877
vn 0.4032 -0.3383 -0.8503
vn 0.4154 -0.4242 -0.8047
vn 0.4237 -0.5060 -0.7513
vn 0.4278 -0.5829 -0.6908
vn 0.4279 -0.6543 -0.6236
vn 0.4238 -0.7194 -0.5503
vn 0.4157 -0.7775 -0.4718
vn 0.4036 -0.8282 -0.3888
vn 0.3876 -0.8710 -0.3020
vn 0.3678 -0.9053 -0.2123
vn 0.3445 -0.9310 -0.1205
vn 0.3179 -0.9477 -0.0275
vn -0.2461 0.9563 -0.1577
vn -0.2027 0.9480 -0.2453
vn -0.1573 0.9306 -0.3305
vn -0.1105 0.9042 -0.4125
vn -0.0625 0.8692 -0.4905
vn -0.0140 0.8257 -0.5639
vn 0.0346 0.7744 -0.6318
vn 0.0829 0.7156 -0.6936
vn 0.1304 0.6499 -0.7487
vn 0.1767 0.5780 -0.7966
vn 0.2213 0.5006 -0.8369
vn 0.2637 0.4184 -0.8692
vn 0.3036 0.3321 -0.8931
vn 0.3405 0.2426 -0.9084
vn 0.3742 0.1509 -0.9150
vn 0.4043 0.0577 -0.9128
vn 0.4306 -0.0361 -0.9018
vn 0.4527 -0.1296 -0.8822
vn 0.4704 -0.2217 -0.8541
vn 0.4836 -0.3118 -0.8179
vn 0.4922 -0.3989 -0.7737
vn 0.4961 -0.4821 -0.7221
vn 0.4952 -0.5607 -0.6636
vn 0.4895 -0.6340 -0.5987
vn 0.4791 -0.7011 -0.5281
vn 0.4642 -0.7616 -0.4523
vn 0.4447 -0.8147 -0.3722
vn 0.4210 -0.8600 -0.2885
vn 0.3932 -0.8970 -0.2020
vn 0.3617 -0.9254 -0.1136
vn 0.3266 -0.9449 -0.0240
vn -0.2378 0.9591 -0.1533
vn -0.1864 0.9536 -0.2366
vn -0.1331 0.9388 -0.3177
vn -0.0785 0.9150 -0.3956
vn -0.0232 0.8825 -0.4698
vn 0.0323 0.8414 -0.5394
vn 0.0875 0.7923 -0.6039
vn 0.1418 0.7355 -0.6625
vn 0.1948 0.6717 -0.7148
vn 0.2459 0.6014 -0.7601
vn 0.2946 0.5254 -0.7982
vn 0.3405 0.4443 -0.8286
vn 0.3831 0.3590 -0.8511
vn 0.4221 0.2702 -0.8653
vn 0.4570 0.1789 -0.8713
vn 0.4875 0.0858 -0.8689
vn 0.5133 -0.0081 -0.8582
vn 0.5342 -0.1020 -0.8392
vn 0.5500 -0.1948 -0.8121
vn 0.5605 -0.2858 -0.7773
vn 0.5656 -0.3741 -0.7350
vn 0.5652 -0.4587 -0.6856
vn 0.5595 -0.5390 -0.6297
vn 0.5484 -0.6141 -0.5676
vn 0.5320 -0.6833 -0.5002
vn 0.5104 -0.7459 -0.4279
vn 0.4840 -0.8014 -0.3515
vn 0.4529 -0.8492 -0.2717
vn 0.4175 -0.8888 -0.1892
vn 0.3780 -0.9198 -0.1050
vn 0.3349 -0.9421 -0.0197
vn -0.2300 0.9618 -0.1481
vn -0.1709 0.9589 -0.2264
vn -0.1102 0.9468 -0.3024
vn -0.0484 0.9255 -0.3756
vn 0.0138 0.8954 -0.4451
vn 0.0759 0.8566 -0.5104
vn 0.1373 0.8096 -0.5707
vn 0.1973 0.7548 -0.6255
vn 0.2555 0.6928 -0.6743
vn 0.3111 0.6242 -0.7167
vn 0.3638 0.5495 -0.7521
vn 0.4130 0.4696 -0.7803
vn 0.4582 0.3851 -0.8011
vn 0.4990 0.2970 -0.8141
vn 0.5351 0.2060 -0.8193
vn 0.5659 0.1131 -0.8167
vn 0.5914 0.0190 -0.8062
vn 0.6112 -0.0752 -0.7879
vn 0.6251 -0.1687 -0.7621
vn 0.6330 -0.2606 -0.7290
vn 0.6348 -0.3500 -0.6889
vn 0.6305 -0.4360 -0.6422
vn 0.6202 -0.5179 -0.5892
vn 0.6039 -0.5947 -0.5307
vn 0.5818 -0.6659 -0.4670
vn 0.5541 -0.7307 -0.3988
vn 0.5211 -0.7885 -0.3268
vn 0.4830 -0.8387 -0.2516
vn 0.4404 -0.8808 -0.1740
vn 0.3934 -0.9145 -0.0947
vn 0.3427 -0.9393 -0.0145
vn -0.2228 0.9645 -0.1421
vn -0.1566 0.9641 -0.2145
vn -0.0889 0.9544 -0.2849
vn -0.0204 0.9356 -0.3525
vn 0.0483 0.9078 -0.4167
vn 0.1166 0.8712 -0.4769
vn 0.1837 0.8263 -0.5325
vn 0.2490 0.7734 -0.5830
vn 0.3119 0.7131 -0.6278
vn 0.3719 0.6460 -0.6667
vn 0.4282 0.5726 -0.6991
vn 0.4805 0.4938 -0.7248
vn 0.5281 0.4102 -0.7435
vn 0.5706 0.3227 -0.7551
vn 0.6077 0.2321 -0.7595
vn 0.6389 0.1393 -0.7565
vn 0.6640 0.0451 -0.7463
vn 0.6828 -0.0495 -0.7290
vn 0.6949 -0.1436 -0.7046
vn 0.7004 -0.2363 -0.6735
vn 0.6992 -0.3268 -0.6359
vn 0.6912 -0.4142 -0.5921
vn 0.6767 -0.4976 -0.5427
vn 0.6556 -0.5762 -0.4881
vn 0.6282 -0.6493 -0.4288
vn 0.5947 -0.7161 -0.3653
vn 0.5556 -0.7761 -0.2984
vn 0.5111 -0.8286 -0.2285
vn 0.4616 -0.8732 -0.1564
vn 0.4078 -0.9093 -0.0829
vn 0.3500 -0.9367 -0.0085
vn -0.2161 0.9669 -0.1354
vn -0.1434 0.9690 -0.2013
vn -0.0694 0.9617 -0.2652
vn 0.0053 0.9451 -0.3266
vn 0.0799 0.9195 -0.3848
vn 0.1538 0.8850 -0.4394
vn 0.2261 0.8421 -0.4897
vn 0.2963 0.7910 -0.5352
vn 0.3637 0.7324 -0.5757
vn 0.4275 0.6667 -0.6106
vn 0.4872 0.5946 -0.6396
vn 0.5422 0.5168 -0.6625
vn 0.5921 0.4340 -0.6790
vn 0.6362 0.3471 -0.6890
vn 0.6742 0.2569 -0.6924
vn 0.7058 0.1642 -0.6891
vn 0.7306 0.0699 -0.6793
vn 0.7483 -0.0251 -0.6629
vn 0.7589 -0.1198 -0.6401
vn 0.7622 -0.2134 -0.6112
vn 0.7582 -0.3049 -0.5764
vn 0.7469 -0.3935 -0.5361
vn 0.7284 -0.4783 -0.4906
vn 0.7029 -0.5586 -0.4404
vn 0.6706 -0.6335 -0.3860
vn 0.6319 -0.7023 -0.3278
vn 0.5872 -0.7643 -0.2665
vn 0.5367 -0.8191 -0.2026
vn 0.4811 -0.8659 -0.1368
vn 0.4209 -0.9044 -0.0696
vn 0.3566 -0.9343 -0.0018
vn -0.2101 0.9693 -0.1280
vn -0.1316 0.9735 -0.1867
vn -0.0519 0.9685 -0.2436
vn 0.0283 0.9541 -0.2982
vn 0.1083 0.9305 -0.3499
vn 0.1872 0.8980 -0.3982
vn 0.2643 0.8569 -0.4426
vn 0.3388 0.8075 -0.4828
vn 0.4101 0.7504 -0.5184
vn 0.4774 0.6860 -0.5490
vn 0.5402 0.6151 -0.5743
vn 0.5977 0.5383 -0.5941
vn 0.6495 0.4563 -0.6082
vn 0.6951 0.3700 -0.6164
vn 0.7340 0.2801 -0.6187
vn 0.7658 0.1875 -0.6151
vn 0.7903 0.0931 -0.6056
vn 0.8072 -0.0022 -0.5902
vn 0.8164 -0.0975 -0.5692
vn 0.8177 -0.1918 -0.5428
vn 0.8112 -0.2843 -0.5111
vn 0.7968 -0.3741 -0.4745
vn 0.7748 -0.4603 -0.4333
vn 0.7454 -0.5421 -0.3880
vn 0.7088 -0.6187 -0.3389
vn 0.6654 -0.6893 -0.2866
vn 0.6156 -0.7533 -0.2315
vn 0.5598 -0.8101 -0.1742
vn 0.4987 -0.8591 -0.1152
vn 0.4327 -0.8998 -0.0551
vn 0.3626 -0.9319 0.0056
vn -0.2049 0.9714 -0.1201
vn -0.1213 0.9778 -0.1710
vn -0.0365 0.9747 -0.2203
vn 0.0486 0.9623 -0.2675
vn 0.1332 0.9407 -0.3121
vn 0.2165 0.9100 -0.3536
vn 0.2978 0.8705 -0.3918
vn 0.3761 0.8227 -0.4262
vn 0.4509 0.7670 -0.4565
vn 0.5213 0.7039 -0.4825
vn 0.5867 0.6341 -0.5037
vn 0.6464 0.5582 -0.5202
vn 0.7000 0.4769 -0.5316
vn 0.7468 0.3911 -0.5380
vn 0.7864 0.3015 -0.5391
vn 0.8185 0.2090 -0.5351
vn 0.8428 0.1145 -0.5260
vn 0.8589 0.0189 -0.5118
vn 0.8668 -0.0769 -0.4927
vn 0.8664 -0.1720 -0.4689
vn 0.8576 -0.2654 -0.4405
vn 0.8406 -0.3562 -0.4079
vn 0.8156 -0.4437 -0.3714
vn 0.7827 -0.5269 -0.3314
vn 0.7423 -0.6050 -0.2881
vn 0.6947 -0.6773 -0.2421
vn 0.6404 -0.7432 -0.1937
vn 0.5800 -0.8019 -0.1435
vn 0.5140 -0.8528 -0.0919
vn 0.4431 -0.8956 -0.0394
vn 0.3678 -0.9298 0.0135
vn -0.2004 0.9733 -0.1116
vn -0.1125 0.9816 -0.1543
vn -0.0235 0.9804 -0.1955
vn 0.0658 0.9698 -0.2348
vn 0.1544 0.9499 -0.2718
vn 0.2415 0.9208 -0.3063
vn 0.3262 0.8829 -0.3378
vn 0.4078 0.8365 -0.3660
vn 0.4855 0.7821 -0.3907
vn 0.5585 0.7201 -0.4116
vn 0.6262 0.6513 -0.4286
vn 0.6878 0.5762 -0.4415
vn 0.7428 0.4955 -0.4502
vn 0.7907 0.4102 -0.4545
vn 0.8310 0.3208 -0.4544
vn 0.8633 0.2284 -0.4500
vn 0.8873 0.1338 -0.4413
vn 0.9028 0.0380 -0.4283
vn 0.9097 -0.0583 -0.4112
vn 0.9078 -0.1540 -0.3902
vn 0.8971 -0.2482 -0.3654
vn 0.8779 -0.3400 -0.3371
vn 0.8502 -0.4286 -0.3056
vn 0.8144 -0.5131 -0.2711
vn 0.7707 -0.5926 -0.2340
vn 0.7196 -0.6665 -0.1947
vn 0.6616 -0.7340 -0.1535
vn 0.5972 -0.7944 -0.1108
vn 0.5271 -0.8472 -0.0670
vn 0.4519 -0.8918 -0.0226
vn 0.3723 -0.9279 0.0220
vn -0.1968 0.9750 -0.1027
vn -0.1053 0.9850 -0.1367
vn -0.0128 0.9855 -0.1694
vn 0.0798 0.9765 -0.2004
vn 0.1716 0.9580 -0.2296
vn 0.2618 0.9304 -0.2565
vn 0.3494 0.8939 -0.2809
vn 0.4337 0.8487 -0.3027
vn 0.5137 0.7954 -0.3215
vn 0.5889 0.7345 -0.3372
vn 0.6584 0.6665 -0.3497
vn 0.7215 0.5921 -0.3589
vn 0.7777 0.5121 -0.3645
vn 0.8265 0.4271 -0.3667
vn 0.8673 0.3380 -0.3654
vn 0.8998 0.2457 -0.3606
vn 0.9236 0.1510 -0.3523
vn 0.9386 0.0549 -0.3406
vn 0.9446 -0.0417 -0.3256
vn 0.9415 -0.1380 -0.3075
vn 0.9293 -0.2329 -0.2865
vn 0.9083 -0.3257 -0.2627
vn 0.8785 -0.4153 -0.2364
vn 0.8402 -0.5009 -0.2078
vn 0.7939 -0.5817 -0.1772
vn 0.7399 -0.6569 -0.1449
vn 0.6789 -0.7258 -0.1112
vn 0.6112 -0.7877 -0.0765
vn 0.5377 -0.8421 -0.0409
vn 0.4590 -0.8884 -0.0050
vn 0.3759 -0.9261 0.0309
vn -0.1940 0.9765 -0.0934
vn -0.0998 0.9879 -0.1184
vn -0.0047 0.9898 -0.1423
vn 0.0905 0.9822 -0.1648
vn 0.1847 0.9651 -0.1857
vn 0.2772 0.9387 -0.2048
vn 0.3671 0.9033 -0.2219
vn 0.4533 0.8593 -0.2369
vn 0.5353 0.8070 -0.2496
vn 0.6120 0.7469 -0.2599
vn 0.6829 0.6797 -0.2677
vn 0.7472 0.6059 -0.2730
vn 0.8044 0.5263 -0.2756
vn 0.8538 0.4417 -0.2756
vn 0.8950 0.3529 -0.2729
vn 0.9276 0.2606 -0.2676
vn 0.9513 0.1659 -0.2598
vn 0.9659 0.0695 -0.2494
vn 0.9712 -0.0275 -0.2367
vn 0.9672 -0.1242 -0.2217
vn 0.9539 -0.2198 -0.2045
vn 0.9314 -0.3133 -0.1854
vn 0.9000 -0.4037 -0.1645
vn 0.8599 -0.4903 -0.1420
vn 0.8116 -0.5722 -0.1182
vn 0.7554 -0.6486 -0.0932
vn 0.6920 -0.7188 -0.0673
vn 0.6219 -0.7820 -0.0408
vn 0.5458 -0.8378 -0.0138
vn 0.4645 -0.8855 0.0132
vn 0.3787 -0.9247 0.0402
vn -0.1922 0.9778 -0.0839
vn -0.0961 0.9904 -0.0997
vn 0.0008 0.9934 -0.1144
vn 0.0977 0.9869 -0.1281
vn 0.1937 0.9710 -0.1405
vn 0.2878 0.9456 -0.1516
vn 0.3791 0.9112 -0.1612
vn 0.4667 0.8681 -0.1693
vn 0.5499 0.8166 -0.1757
vn 0.6277 0.7572 -0.1805
vn 0.6996 0.6906 -0.1835
vn 0.7647 0.6174 -0.1847
vn 0.8224 0.5382 -0.1842
vn 0.8723 0.4539 -0.1819
vn 0.9138 0.3652 -0.1779
vn 0.9465 0.2730 -0.1721
vn 0.9701 0.1782 -0.1647
vn 0.9844 0.0817 -0.1558
vn 0.9893 -0.0156 -0.1453
vn 0.9846 -0.1128 -0.1334
vn 0.9705 -0.2089 -0.1203
vn 0.9471 -0.3029 -0.1060
vn 0.9146 -0.3941 -0.0906
vn 0.8733 -0.4815 -0.0744
vn 0.8236 -0.5643 -0.0575
vn 0.7659 -0.6417 -0.0400
vn 0.7009 -0.7129 -0.0222
vn 0.6292 -0.7773 -0.0041
vn 0.5514 -0.8342 0.0140
vn 0.4682 -0.8830 0.0320
vn 0.3806 -0.9234 0.0497
vn -0.1912 0.9787 -0.0743
vn -0.0942 0.9923 -0.0806
vn 0.0036 0.9963 -0.0861
vn 0.1015 0.9907 -0.0908
vn 0.1983 0.9756 -0.0946
vn 0.2932 0.9511 -0.0975
vn 0.3853 0.9174 -0.0995
vn 0.4736 0.8750 -0.1005
vn 0.5574 0.8241 -0.1006
vn 0.6359 0.7653 -0.0996
vn 0.7082 0.6992 -0.0978
vn 0.7737 0.6264 -0.0950
vn 0.8318 0.5476 -0.0912
vn 0.8819 0.4635 -0.0866
vn 0.9235 0.3749 -0.0812
vn 0.9562 0.2828 -0.0750
vn 0.9798 0.1879 -0.0681
vn 0.9940 0.0913 -0.0605
vn 0.9986 -0.0063 -0.0523
vn 0.9936 -0.1037 -0.0436
vn 0.9791 -0.2002 -0.0345
vn 0.9552 -0.2948 -0.0251
vn 0.9221 -0.3866 -0.0155
vn 0.8802 -0.4746 -0.0057
vn 0.8298 -0.5581 0.0042
vn 0.7714 -0.6362 0.0140
vn 0.7055 -0.7083 0.0237
vn 0.6329 -0.7735 0.0332
vn 0.5542 -0.8313 0.0424
vn 0.4701 -0.8811 0.0511
vn 0.3815 -0.9224 0.0593
vn -0.1911 0.9794 -0.0645
vn -0.0941 0.9937 -0.0613
vn 0.0038 0.9983 -0.0575
vn 0.1017 0.9934 -0.0532
vn 0.1985 0.9789 -0.0484
vn 0.2935 0.9550 -0.0430
vn 0.3856 0.9219 -0.0373
vn 0.4740 0.8800 -0.0312
vn 0.5578 0.8296 -0.0248
vn 0.6363 0.7712 -0.0182
vn 0.7087 0.7055 -0.0114
vn 0.7742 0.6329 -0.0045
vn 0.8323 0.5543 0.0025
vn 0.8824 0.4704 0.0094
vn 0.9240 0.3820 0.0162
vn 0.9568 0.2898 0.0229
vn 0.9804 0.1950 0.0294
vn 0.9945 0.0982 0.0355
vn 0.9991 0.0005 0.0414
vn 0.9942 -0.0972 0.0468
vn 0.9796 -0.1940 0.0518
vn 0.9557 -0.2889 0.0563
vn 0.9226 -0.3811 0.0603
vn 0.8806 -0.4696 0.0636
vn 0.8301 -0.5536 0.0664
vn 0.7717 -0.6323 0.0685
vn 0.7058 -0.7049 0.0700
vn 0.6331 -0.7708 0.0708
vn 0.5544 -0.8292 0.0709
vn 0.4702 -0.8797 0.0703
vn 0.3816 -0.9217 0.0691
vn -0.1920 0.9799 -0.0548
vn -0.0958 0.9945 -0.0421
vn 0.0013 0.9996 -0.0291
vn 0.0983 0.9950 -0.0157
vn 0.1945 0.9809 -0.0022
vn 0.2887 0.9574 0.0113
vn 0.3801 0.9246 0.0247
vn 0.4679 0.8830 0.0379
vn 0.5511 0.8329 0.0507
vn 0.6291 0.7748 0.0630
vn 0.7010 0.7092 0.0748
vn 0.7662 0.6368 0.0857
vn 0.8240 0.5584 0.0959
vn 0.8739 0.4746 0.1052
vn 0.9154 0.3862 0.1134
vn 0.9481 0.2941 0.1206
vn 0.9718 0.1992 0.1265
vn 0.9860 0.1024 0.1313
vn 0.9909 0.0046 0.1348
vn 0.9862 -0.0933 0.1371
vn 0.9720 -0.1903 0.1380
vn 0.9485 -0.2854 0.1376
vn 0.9159 -0.3778 0.1358
vn 0.8744 -0.4666 0.1328
vn 0.8246 -0.5509 0.1284
vn 0.7668 -0.6300 0.1229
vn 0.7017 -0.7029 0.1161
vn 0.6298 -0.7692 0.1083
vn 0.5518 -0.8280 0.0994
vn 0.4685 -0.8789 0.0895
vn 0.3807 -0.9213 0.0788
vn -0.1938 0.9800 -0.0452
vn 0.1860 0.9816 0.0434
vn 0.4553 0.8840 0.1062
vn 0.5374 0.8340 0.1254
vn 0.7498 0.6382 0.1749
vn 0.8977 0.3876 0.2094
vn 0.9304 0.2955 0.2171
vn 0.9541 0.2006 0.2226
vn 0.9697 -0.0920 0.2262
vn 0.9563 -0.1890 0.2231
vn 0.9337 -0.2842 0.2178
vn 0.9021 -0.3767 0.2105
vn 0.8618 -0.4656 0.2011
vn 0.7569 -0.6292 0.1766
vn 0.6933 -0.7023 0.1617
vn 0.6230 -0.7686 0.1453
vn 0.3790 -0.9212 0.0884
vt 0.750000 0.937500
vt 0.750000 0.968750
vt 0.734375 0.968750
vt 0.734375 0.937500
vt 0.750000 0.093750
vt 0.750000 0.125000
vt 0.734375 0.125000
vt 0.734375 0.093750
vt 0.750000 0.500000
vt 0.750000 0.531250
vt 0.734375 0.531250
vt 0.734375 0.500000
vt 0.750000 0.906250
vt 0.734375 0.906250
vt 0.750000 0.062500
vt 0.734375 0.062500
vt 0.750000 0.468750
vt 0.734375 0.468750
vt 0.750000 0.875000
vt 0.734375 0.875000
vt 0.750000 0.031250
vt 0.734375 0.031250
vt 0.750000 0.437500
vt 0.734375 0.437500
vt 0.750000 0.843750
vt 0.734375 0.843750
vt 0.742188 0.000000
vt 0.750000 0.406250
vt 0.734375 0.406250
vt 0.750000 0.812500
vt 0.734375 0.812500
vt 0.750000 0.375000
vt 0.734375 0.375000
vt 0.750000 0.781250
vt 0.734375 0.781250
vt 0.750000 0.343750
vt 0.734375 0.343750
vt 0.750000 0.750000
vt 0.734375 0.750000
vt 0.750000 0.312500
vt 0.734375 0.312500
vt 0.750000 0.718750
vt 0.734375 0.718750
vt 0.750000 0.281250
vt 0.734375 0.281250
vt 0.750000 0.687500
vt 0.734375 0.687500
vt 0.750000 0.250000
vt 0.734375 0.250000
vt 0.750000 0.656250
vt 0.734375 0.656250
vt 0.750000 0.218750
vt 0.734375 0.218750
vt 0.750000 0.625000
vt 0.734375 0.625000
vt 0.750000 0.187500
vt 0.734375 0.187500
vt 0.750000 0.593750
vt 0.734375 0.593750
vt 0.750000 0.156250
vt 0.734375 0.156250
vt 0.750000 0.562500
vt 0.734375 0.562500
vt 0.742188 1.000000
vt 0.718750 0.281250
vt 0.718750 0.250000
vt 0.718750 0.687500
vt 0.718750 0.656250
vt 0.718750 0.218750
vt 0.718750 0.625000
vt 0.718750 0.187500
vt 0.718750 0.593750
vt 0.718750 0.156250
vt 0.718750 0.562500
vt 0.726562 1.000000
vt 0.718750 0.968750
vt 0.718750 0.125000
vt 0.718750 0.531250
vt 0.718750 0.937500
vt 0.718750 0.093750
vt 0.718750 0.500000
vt 0.718750 0.906250
vt 0.718750 0.062500
vt 0.718750 0.468750
vt 0.718750 0.875000
vt 0.718750 0.031250
vt 0.718750 0.437500
vt 0.718750 0.843750
vt 0.726562 0.000000
vt 0.718750 0.406250
vt 0.718750 0.812500
vt 0.718750 0.375000
vt 0.718750 0.781250
vt 0.718750 0.343750
vt 0.718750 0.750000
vt 0.718750 0.312500
vt 0.718750 0.718750
vt 0.703125 0.218750
vt 0.703125 0.187500
vt 0.703125 0.625000
vt 0.703125 0.593750
vt 0.703125 0.156250
vt 0.703125 0.562500
vt 0.710938 1.000000
vt 0.703125 0.968750
vt 0.703125 0.125000
vt 0.703125 0.531250
vt 0.703125 0.937500
vt 0.703125 0.093750
vt 0.703125 0.500000
vt 0.703125 0.906250
vt 0.703125 0.062500
vt 0.703125 0.468750
vt 0.703125 0.875000
vt 0.703125 0.031250
vt 0.703125 0.437500
vt 0.703125 0.843750
vt 0.710938 0.000000
vt 0.703125 0.406250
vt 0.703125 0.812500
vt 0.703125 0.375000
vt 0.703125 0.781250
vt 0.703125 0.343750
vt 0.703125 0.750000
vt 0.703125 0.312500
vt 0.703125 0.718750
vt 0.703125 0.281250
vt 0.703125 0.687500
vt 0.703125 0.250000
vt 0.703125 0.656250
vt 0.695312 1.000000
vt 0.687500 0.968750
vt 0.687500 0.156250
vt 0.687500 0.125000
vt 0.687500 0.562500
vt 0.687500 0.531250
vt 0.687500 0.937500
vt 0.687500 0.093750
vt 0.687500 0.500000
vt 0.687500 0.906250
vt 0.687500 0.062500
vt 0.687500 0.468750
vt 0.687500 0.875000
vt 0.687500 0.031250
vt 0.687500 0.437500
vt 0.687500 0.843750
vt 0.695312 0.000000
vt 0.687500 0.406250
vt 0.687500 0.812500
vt 0.687500 0.375000
vt 0.687500 0.781250
vt 0.687500 0.343750
vt 0.687500 0.750000
vt 0.687500 0.312500
vt 0.687500 0.718750
vt 0.687500 0.281250
vt 0.687500 0.687500
vt 0.687500 0.250000
vt 0.687500 0.656250
vt 0.687500 0.218750
vt 0.687500 0.625000
vt 0.687500 0.187500
vt 0.687500 0.593750
vt 0.671875 0.937500
vt 0.671875 0.906250
vt 0.671875 0.093750
vt 0.671875 0.062500
vt 0.671875 0.500000
vt 0.671875 0.468750
vt 0.671875 0.875000
vt 0.671875 0.031250
vt 0.671875 0.437500
vt 0.671875 0.843750
vt 0.679688 0.000000
vt 0.671875 0.406250
vt 0.671875 0.812500
vt 0.671875 0.375000
vt 0.671875 0.781250
vt 0.671875 0.343750
vt 0.671875 0.750000
vt 0.671875 0.312500
vt 0.671875 0.718750
vt 0.671875 0.281250
vt 0.671875 0.687500
vt 0.671875 0.250000
vt 0.671875 0.656250
vt 0.671875 0.218750
vt 0.671875 0.625000
vt 0.671875 0.187500
vt 0.671875 0.593750
vt 0.671875 0.156250
vt 0.671875 0.562500
vt 0.679688 1.000000
vt 0.671875 0.968750
vt 0.671875 0.125000
vt 0.671875 0.531250
vt 0.656250 0.875000
vt 0.656250 0.843750
vt 0.664062 0.000000
vt 0.656250 0.031250
vt 0.656250 0.437500
vt 0.656250 0.406250
vt 0.656250 0.812500
vt 0.656250 0.375000
vt 0.656250 0.781250
vt 0.656250 0.343750
vt 0.656250 0.750000
vt 0.656250 0.312500
vt 0.656250 0.718750
vt 0.656250 0.281250
vt 0.656250 0.687500
vt 0.656250 0.250000
vt 0.656250 0.656250
vt 0.656250 0.218750
vt 0.656250 0.625000
vt 0.656250 0.187500
vt 0.656250 0.593750
vt 0.656250 0.156250
vt 0.656250 0.562500
vt 0.664062 1.000000
vt 0.656250 0.968750
vt 0.656250 0.125000
vt 0.656250 0.531250
vt 0.656250 0.937500
vt 0.656250 0.093750
vt 0.656250 0.500000
vt 0.656250 0.906250
vt 0.656250 0.062500
vt 0.656250 0.468750
vt 0.640625 0.812500
vt 0.640625 0.781250
vt 0.640625 0.375000
vt 0.640625 0.343750
vt 0.640625 0.750000
vt 0.640625 0.312500
vt 0.640625 0.718750
vt 0.640625 0.281250
vt 0.640625 0.687500
vt 0.640625 0.250000
vt 0.640625 0.656250
vt 0.640625 0.218750
vt 0.640625 0.625000
vt 0.640625 0.187500
vt 0.640625 0.593750
vt 0.640625 0.156250
vt 0.640625 0.562500
vt 0.648438 1.000000
vt 0.640625 0.968750
vt 0.640625 0.125000
vt 0.640625 0.531250
vt 0.640625 0.937500
vt 0.640625 0.093750
vt 0.640625 0.500000
vt 0.640625 0.906250
vt 0.640625 0.062500
vt 0.640625 0.468750
vt 0.640625 0.875000
vt 0.640625 0.031250
vt 0.640625 0.437500
vt 0.640625 0.843750
vt 0.648438 0.000000
vt 0.640625 0.406250
vt 0.625000 0.750000
vt 0.625000 0.718750
vt 0.625000 0.312500
vt 0.625000 0.281250
vt 0.625000 0.687500
vt 0.625000 0.250000
vt 0.625000 0.656250
vt 0.625000 0.218750
vt 0.625000 0.625000
vt 0.625000 0.187500
vt 0.625000 0.593750
vt 0.625000 0.156250
vt 0.625000 0.562500
vt 0.632812 1.000000
vt 0.625000 0.968750
vt 0.625000 0.125000
vt 0.625000 0.531250
vt 0.625000 0.937500
vt 0.625000 0.093750
vt 0.625000 0.500000
vt 0.625000 0.906250
vt 0.625000 0.062500
vt 0.625000 0.468750
vt 0.625000 0.875000
vt 0.625000 0.031250
vt 0.625000 0.437500
vt 0.625000 0.843750
vt 0.632812 0.000000
vt 0.625000 0.406250
vt 0.625000 0.812500
vt 0.625000 0.375000
vt 0.625000 0.781250
vt 0.625000 0.343750
vt 0.609375 0.687500
vt 0.609375 0.656250
vt 0.609375 0.250000
vt 0.609375 0.218750
vt 0.609375 0.625000
vt 0.609375 0.187500
vt 0.609375 0.593750
vt 0.609375 0.156250
vt 0.609375 0.562500
vt 0.617188 1.000000
vt 0.609375 0.968750
vt 0.609375 0.125000
vt 0.609375 0.531250
vt 0.609375 0.937500
vt 0.609375 0.093750
vt 0.609375 0.500000
vt 0.609375 0.906250
vt 0.609375 0.062500
vt 0.609375 0.468750
vt 0.609375 0.875000
vt 0.609375 0.031250
vt 0.609375 0.437500
vt 0.609375 0.843750
vt 0.617188 0.000000
vt 0.609375 0.406250
vt 0.609375 0.812500
vt 0.609375 0.375000
vt 0.609375 0.781250
vt 0.609375 0.343750
vt 0.609375 0.750000
vt 0.609375 0.312500
vt 0.609375 0.718750
vt 0.609375 0.281250
vt 0.593750 0.625000
vt 0.593750 0.593750
vt 0.593750 0.187500
vt 0.593750 0.156250
vt 0.593750 0.562500
vt 0.601562 1.000000
vt 0.593750 0.968750
vt 0.593750 0.125000
vt 0.593750 0.531250
vt 0.593750 0.937500
vt 0.593750 0.093750
vt 0.593750 0.500000
vt 0.593750 0.906250
vt 0.593750 0.062500
vt 0.593750 0.468750
vt 0.593750 0.875000
vt 0.593750 0.031250
vt 0.593750 0.437500
vt 0.593750 0.843750
vt 0.601562 0.000000
vt 0.593750 0.406250
vt 0.593750 0.812500
vt 0.593750 0.375000
vt 0.593750 0.781250
vt 0.593750 0.343750
vt 0.593750 0.750000
vt 0.593750 0.312500
vt 0.593750 0.718750
vt 0.593750 0.281250
vt 0.593750 0.687500
vt 0.593750 0.250000
vt 0.593750 0.656250
vt 0.593750 0.218750
vt 0.578125 0.562500
vt 0.578125 0.531250
vt 0.578125 0.968750
vt 0.578125 0.937500
vt 0.578125 0.125000
vt 0.578125 0.093750
vt 0.578125 0.500000
vt 0.578125 0.906250
vt 0.578125 0.062500
vt 0.578125 0.468750
vt 0.578125 0.875000
vt 0.578125 0.031250
vt 0.578125 0.437500
vt 0.578125 0.843750
vt 0.585938 0.000000
vt 0.578125 0.406250
vt 0.578125 0.812500
vt 0.578125 0.375000
vt 0.578125 0.781250
vt 0.578125 0.343750
vt 0.578125 0.750000
vt 0.578125 0.312500
vt 0.578125 0.718750
vt 0.578125 0.281250
vt 0.578125 0.687500
vt 0.578125 0.250000
vt 0.578125 0.656250
vt 0.578125 0.218750
vt 0.578125 0.625000
vt 0.578125 0.187500
vt 0.578125 0.593750
vt 0.578125 0.156250
vt 0.585938 1.000000
vt 0.562500 0.500000
vt 0.562500 0.468750
vt 0.562500 0.906250
vt 0.562500 0.875000
vt 0.562500 0.062500
vt 0.562500 0.031250
vt 0.562500 0.437500
vt 0.562500 0.843750
vt 0.570312 0.000000
vt 0.562500 0.406250
vt 0.562500 0.812500
vt 0.562500 0.375000
vt 0.562500 0.781250
vt 0.562500 0.343750
vt 0.562500 0.750000
vt 0.562500 0.312500
vt 0.562500 0.718750
vt 0.562500 0.281250
vt 0.562500 0.687500
vt 0.562500 0.250000
vt 0.562500 0.656250
vt 0.562500 0.218750
vt 0.562500 0.625000
vt 0.562500 0.187500
vt 0.562500 0.593750
vt 0.562500 0.156250
vt 0.562500 0.562500
vt 0.570312 1.000000
vt 0.562500 0.968750
vt 0.562500 0.125000
vt 0.562500 0.531250
vt 0.562500 0.937500
vt 0.562500 0.093750
vt 0.546875 0.437500
vt 0.546875 0.406250
vt 0.546875 0.843750
vt 0.546875 0.812500
vt 0.546875 0.375000
vt 0.546875 0.781250
vt 0.546875 0.343750
vt 0.546875 0.750000
vt 0.546875 0.312500
vt 0.546875 0.718750
vt 0.546875 0.281250
vt 0.546875 0.687500
vt 0.546875 0.250000
vt 0.546875 0.656250
vt 0.546875 0.218750
vt 0.546875 0.625000
vt 0.546875 0.187500
vt 0.546875 0.593750
vt 0.546875 0.156250
vt 0.546875 0.562500
vt 0.554688 1.000000
vt 0.546875 0.968750
vt 0.546875 0.125000
vt 0.546875 0.531250
vt 0.546875 0.937500
vt 0.546875 0.093750
vt 0.546875 0.500000
vt 0.546875 0.906250
vt 0.546875 0.062500
vt 0.546875 0.468750
vt 0.546875 0.875000
vt 0.546875 0.031250
vt 0.554688 0.000000
vt 0.531250 0.375000
vt 0.531250 0.343750
vt 0.531250 0.781250
vt 0.531250 0.750000
vt 0.531250 0.312500
vt 0.531250 0.718750
vt 0.531250 0.281250
vt 0.531250 0.687500
vt 0.531250 0.250000
vt 0.531250 0.656250
vt 0.531250 0.218750
vt 0.531250 0.625000
vt 0.531250 0.187500
vt 0.531250 0.593750
vt 0.531250 0.156250
vt 0.531250 0.562500
vt 0.539062 1.000000
vt 0.531250 0.968750
vt 0.531250 0.125000
vt 0.531250 0.531250
vt 0.531250 0.937500
vt 0.531250 0.093750
vt 0.531250 0.500000
vt 0.531250 0.906250
vt 0.531250 0.062500
vt 0.531250 0.468750
vt 0.531250 0.875000
vt 0.531250 0.031250
vt 0.531250 0.437500
vt 0.531250 0.843750
vt 0.539062 0.000000
vt 0.531250 0.406250
vt 0.531250 0.812500
vt 0.515625 0.312500
vt 0.515625 0.281250
vt 0.515625 0.718750
vt 0.515625 0.687500
vt 0.515625 0.250000
vt 0.515625 0.656250
vt 0.515625 0.218750
vt 0.515625 0.625000
vt 0.515625 0.187500
vt 0.515625 0.593750
vt 0.515625 0.156250
vt 0.515625 0.562500
vt 0.523438 1.000000
vt 0.515625 0.968750
vt 0.515625 0.125000
vt 0.515625 0.531250
vt 0.515625 0.937500
vt 0.515625 0.093750
vt 0.515625 0.500000
vt 0.515625 0.906250
vt 0.515625 0.062500
vt 0.515625 0.468750
vt 0.515625 0.875000
vt 0.515625 0.031250
vt 0.515625 0.437500
vt 0.515625 0.843750
vt 0.523438 0.000000
vt 0.515625 0.406250
vt 0.515625 0.812500
vt 0.515625 0.375000
vt 0.515625 0.781250
vt 0.515625 0.343750
vt 0.515625 0.750000
vt 0.500000 0.250000
vt 0.500000 0.218750
vt 0.500000 0.656250
vt 0.500000 0.625000
vt 0.500000 0.187500
vt 0.500000 0.593750
vt 0.500000 0.156250
vt 0.500000 0.562500
vt 0.507812 1.000000
vt 0.500000 0.968750
vt 0.500000 0.125000
vt 0.500000 0.531250
vt 0.500000 0.937500
vt 0.500000 0.093750
vt 0.500000 0.500000
vt 0.500000 0.906250
vt 0.500000 0.062500
vt 0.500000 0.468750
vt 0.500000 0.875000
vt 0.500000 0.031250
vt 0.500000 0.437500
vt 0.500000 0.843750
vt 0.507812 0.000000
vt 0.500000 0.406250
vt 0.500000 0.812500
vt 0.500000 0.375000
vt 0.500000 0.781250
vt 0.500000 0.343750
vt 0.500000 0.750000
vt 0.500000 0.312500
vt 0.500000 0.718750
vt 0.500000 0.281250
vt 0.500000 0.687500
vt 0.484375 0.187500
vt 0.484375 0.156250
vt 0.484375 0.593750
vt 0.484375 0.562500
vt 0.492188 1.000000
vt 0.484375 0.968750
vt 0.484375 0.125000
vt 0.484375 0.531250
vt 0.484375 0.937500
vt 0.484375 0.093750
vt 0.484375 0.500000
vt 0.484375 0.906250
vt 0.484375 0.062500
vt 0.484375 0.468750
vt 0.484375 0.875000
vt 0.484375 0.031250
vt 0.484375 0.437500
vt 0.484375 0.843750
vt 0.492188 0.000000
vt 0.484375 0.406250
vt 0.484375 0.812500
vt 0.484375 0.375000
vt 0.484375 0.781250
vt 0.484375 0.343750
vt 0.484375 0.750000
vt 0.484375 0.312500
vt 0.484375 0.718750
vt 0.484375 0.281250
vt 0.484375 0.687500
vt 0.484375 0.250000
vt 0.484375 0.656250
vt 0.484375 0.218750
vt 0.484375 0.625000
vt 0.468750 0.968750
vt 0.468750 0.937500
vt 0.468750 0.125000
vt 0.468750 0.093750
vt 0.468750 0.531250
vt 0.468750 0.500000
vt 0.468750 0.906250
vt 0.468750 0.062500
vt 0.468750 0.468750
vt 0.468750 0.875000
vt 0.468750 0.031250
vt 0.468750 0.437500
vt 0.468750 0.843750
vt 0.476562 0.000000
vt 0.468750 0.406250
vt 0.468750 0.812500
vt 0.468750 0.375000
vt 0.468750 0.781250
vt 0.468750 0.343750
vt 0.468750 0.750000
vt 0.468750 0.312500
vt 0.468750 0.718750
vt 0.468750 0.281250
vt 0.468750 0.687500
vt 0.468750 0.250000
vt 0.468750 0.656250
vt 0.468750 0.218750
vt 0.468750 0.625000
vt 0.468750 0.187500
vt 0.468750 0.593750
vt 0.468750 0.156250
vt 0.468750 0.562500
vt 0.476562 1.000000
vt 0.453125 0.906250
vt 0.453125 0.875000
vt 0.453125 0.062500
vt 0.453125 0.031250
vt 0.453125 0.468750
vt 0.453125 0.437500
vt 0.453125 0.843750
vt 0.460938 0.000000
vt 0.453125 0.406250
vt 0.453125 0.812500
vt 0.453125 0.375000
vt 0.453125 0.781250
vt 0.453125 0.343750
vt 0.453125 0.750000
vt 0.453125 0.312500
vt 0.453125 0.718750
vt 0.453125 0.281250
vt 0.453125 0.687500
vt 0.453125 0.250000
vt 0.453125 0.656250
vt 0.453125 0.218750
vt 0.453125 0.625000
vt 0.453125 0.187500
vt 0.453125 0.593750
vt 0.453125 0.156250
vt 0.453125 0.562500
vt 0.460938 1.000000
vt 0.453125 0.968750
vt 0.453125 0.125000
vt 0.453125 0.531250
vt 0.453125 0.937500
vt 0.453125 0.093750
vt 0.453125 0.500000
vt 0.437500 0.843750
vt 0.437500 0.812500
vt 0.437500 0.406250
vt 0.437500 0.375000
vt 0.437500 0.781250
vt 0.437500 0.343750
vt 0.437500 0.750000
vt 0.437500 0.312500
vt 0.437500 0.718750
vt 0.437500 0.281250
vt 0.437500 0.687500
vt 0.437500 0.250000
vt 0.437500 0.656250
vt 0.437500 0.218750
vt 0.437500 0.625000
vt 0.437500 0.187500
vt 0.437500 0.593750
vt 0.437500 0.156250
vt 0.437500 0.562500
vt 0.445312 1.000000
vt 0.437500 0.968750
vt 0.437500 0.125000
vt 0.437500 0.531250
vt 0.437500 0.937500
vt 0.437500 0.093750
vt 0.437500 0.500000
vt 0.437500 0.906250
vt 0.437500 0.062500
vt 0.437500 0.468750
vt 0.437500 0.875000
vt 0.437500 0.031250
vt 0.437500 0.437500
vt 0.445312 0.000000
vt 0.421875 0.781250
vt 0.421875 0.750000
vt 0.421875 0.343750
vt 0.421875 0.312500
vt 0.421875 0.718750
vt 0.421875 0.281250
vt 0.421875 0.687500
vt 0.421875 0.250000
vt 0.421875 0.656250
vt 0.421875 0.218750
vt 0.421875 0.625000
vt 0.421875 0.187500
vt 0.421875 0.593750
vt 0.421875 0.156250
vt 0.421875 0.562500
vt 0.429688 1.000000
vt 0.421875 0.968750
vt 0.421875 0.125000
vt 0.421875 0.531250
vt 0.421875 0.937500
vt 0.421875 0.093750
vt 0.421875 0.500000
vt 0.421875 0.906250
vt 0.421875 0.062500
vt 0.421875 0.468750
vt 0.421875 0.875000
vt 0.421875 0.031250
vt 0.421875 0.437500
vt 0.421875 0.843750
vt 0.429688 0.000000
vt 0.421875 0.406250
vt 0.421875 0.812500
vt 0.421875 0.375000
vt 0.406250 0.718750
vt 0.406250 0.687500
vt 0.406250 0.281250
vt 0.406250 0.250000
vt 0.406250 0.656250
vt 0.406250 0.218750
vt 0.406250 0.625000
vt 0.406250 0.187500
vt 0.406250 0.593750
vt 0.406250 0.156250
vt 0.406250 0.562500
vt 0.414062 1.000000
vt 0.406250 0.968750
vt 0.406250 0.125000
vt 0.406250 0.531250
vt 0.406250 0.937500
vt 0.406250 0.093750
vt 0.406250 0.500000
vt 0.406250 0.906250
vt 0.406250 0.062500
vt 0.406250 0.468750
vt 0.406250 0.875000
vt 0.406250 0.031250
vt 0.406250 0.437500
vt 0.406250 0.843750
vt 0.414062 0.000000
vt 0.406250 0.406250
vt 0.406250 0.812500
vt 0.406250 0.375000
vt 0.406250 0.781250
vt 0.406250 0.343750
vt 0.406250 0.750000
vt 0.406250 0.312500
vt 0.390625 0.656250
vt 0.390625 0.625000
vt 0.390625 0.218750
vt 0.390625 0.187500
vt 0.390625 0.593750
vt 0.390625 0.156250
vt 0.390625 0.562500
vt 0.398438 1.000000
vt 0.390625 0.968750
vt 0.390625 0.125000
vt 0.390625 0.531250
vt 0.390625 0.937500
vt 0.390625 0.093750
vt 0.390625 0.500000
vt 0.390625 0.906250
vt 0.390625 0.062500
vt 0.390625 0.468750
vt 0.390625 0.875000
vt 0.390625 0.031250
vt 0.390625 0.437500
vt 0.390625 0.843750
vt 0.398438 0.000000
vt 0.390625 0.406250
vt 0.390625 0.812500
vt 0.390625 0.375000
vt 0.390625 0.781250
vt 0.390625 0.343750
vt 0.390625 0.750000
vt 0.390625 0.312500
vt 0.390625 0.718750
vt 0.390625 0.281250
vt 0.390625 0.687500
vt 0.390625 0.250000
vt 0.375000 0.593750
vt 0.375000 0.562500
vt 0.382812 1.000000
vt 0.375000 0.968750
vt 0.375000 0.156250
vt 0.375000 0.125000
vt 0.375000 0.531250
vt 0.375000 0.937500
vt 0.375000 0.093750
vt 0.375000 0.500000
vt 0.375000 0.906250
vt 0.375000 0.062500
vt 0.375000 0.468750
vt 0.375000 0.875000
vt 0.375000 0.031250
vt 0.375000 0.437500
vt 0.375000 0.843750
vt 0.382812 0.000000
vt 0.375000 0.406250
vt 0.375000 0.812500
vt 0.375000 0.375000
vt 0.375000 0.781250
vt 0.375000 0.343750
vt 0.375000 0.750000
vt 0.375000 0.312500
vt 0.375000 0.718750
vt 0.375000 0.281250
vt 0.375000 0.687500
vt 0.375000 0.250000
vt 0.375000 0.656250
vt 0.375000 0.218750
vt 0.375000 0.625000
vt 0.375000 0.187500
vt 0.359375 0.531250
vt 0.359375 0.500000
vt 0.359375 0.937500
vt 0.359375 0.906250
vt 0.359375 0.093750
vt 0.359375 0.062500
vt 0.359375 0.468750
vt 0.359375 0.875000
vt 0.359375 0.031250
vt 0.359375 0.437500
vt 0.359375 0.843750
vt 0.367188 0.000000
vt 0.359375 0.406250
vt 0.359375 0.812500
vt 0.359375 0.375000
vt 0.359375 0.781250
vt 0.359375 0.343750
vt 0.359375 0.750000
vt 0.359375 0.312500
vt 0.359375 0.718750
vt 0.359375 0.281250
vt 0.359375 0.687500
vt 0.359375 0.250000
vt 0.359375 0.656250
vt 0.359375 0.218750
vt 0.359375 0.625000
vt 0.359375 0.187500
vt 0.359375 0.593750
vt 0.359375 0.156250
vt 0.359375 0.562500
vt 0.367188 1.000000
vt 0.359375 0.968750
vt 0.359375 0.125000
vt 0.343750 0.468750
vt 0.343750 0.437500
vt 0.343750 0.875000
vt 0.343750 0.843750
vt 0.351562 0.000000
vt 0.343750 0.031250
vt 0.343750 0.406250
vt 0.343750 0.812500
vt 0.343750 0.375000
vt 0.343750 0.781250
vt 0.343750 0.343750
vt 0.343750 0.750000
vt 0.343750 0.312500
vt 0.343750 0.718750
vt 0.343750 0.281250
vt 0.343750 0.687500
vt 0.343750 0.250000
vt 0.343750 0.656250
vt 0.343750 0.218750
vt 0.343750 0.625000
vt 0.343750 0.187500
vt 0.343750 0.593750
vt 0.343750 0.156250
vt 0.343750 0.562500
vt 0.351562 1.000000
vt 0.343750 0.968750
vt 0.343750 0.125000
vt 0.343750 0.531250
vt 0.343750 0.937500
vt 0.343750 0.093750
vt 0.343750 0.500000
vt 0.343750 0.906250
vt 0.343750 0.062500
vt 0.335938 1.000000
vt 0.328125 0.968750
vt 0.328125 0.156250
vt 0.328125 0.125000
vt 0.328125 0.562500
vt 0.328125 0.531250
vt 0.328125 0.937500
vt 0.328125 0.093750
vt 0.328125 0.500000
vt 0.328125 0.906250
vt 0.328125 0.062500
vt 0.328125 0.468750
vt 0.328125 0.875000
vt 0.328125 0.031250
vt 0.328125 0.437500
vt 0.328125 0.843750
vt 0.335938 0.000000
vt 0.328125 0.406250
vt 0.328125 0.812500
vt 0.328125 0.375000
vt 0.328125 0.781250
vt 0.328125 0.343750
vt 0.328125 0.750000
vt 0.328125 0.312500
vt 0.328125 0.718750
vt 0.328125 0.281250
vt 0.328125 0.687500
vt 0.328125 0.250000
vt 0.328125 0.656250
vt 0.328125 0.218750
vt 0.328125 0.625000
vt 0.328125 0.187500
vt 0.328125 0.593750
vt 0.312500 0.937500
vt 0.312500 0.906250
vt 0.312500 0.093750
vt 0.312500 0.062500
vt 0.312500 0.500000
vt 0.312500 0.468750
vt 0.312500 0.875000
vt 0.312500 0.031250
vt 0.312500 0.437500
vt 0.312500 0.843750
vt 0.320313 0.000000
vt 0.312500 0.406250
vt 0.312500 0.812500
vt 0.312500 0.375000
vt 0.312500 0.781250
vt 0.312500 0.343750
vt 0.312500 0.750000
vt 0.312500 0.312500
vt 0.312500 0.718750
vt 0.312500 0.281250
vt 0.312500 0.687500
vt 0.312500 0.250000
vt 0.312500 0.656250
vt 0.312500 0.218750
vt 0.312500 0.625000
vt 0.312500 0.187500
vt 0.312500 0.593750
vt 0.312500 0.156250
vt 0.312500 0.562500
vt 0.320313 1.000000
vt 0.312500 0.968750
vt 0.312500 0.125000
vt 0.312500 0.531250
vt 0.296875 0.875000
vt 0.296875 0.843750
vt 0.304688 0.000000
vt 0.296875 0.031250
vt 0.296875 0.437500
vt 0.296875 0.406250
vt 0.296875 0.812500
vt 0.296875 0.375000
vt 0.296875 0.781250
vt 0.296875 0.343750
vt 0.296875 0.750000
vt 0.296875 0.312500
vt 0.296875 0.718750
vt 0.296875 0.281250
vt 0.296875 0.687500
vt 0.296875 0.250000
vt 0.296875 0.656250
vt 0.296875 0.218750
vt 0.296875 0.625000
vt 0.296875 0.187500
vt 0.296875 0.593750
vt 0.296875 0.156250
vt 0.296875 0.562500
vt 0.304688 1.000000
vt 0.296875 0.968750
vt 0.296875 0.125000
vt 0.296875 0.531250
vt 0.296875 0.937500
vt 0.296875 0.093750
vt 0.296875 0.500000
vt 0.296875 0.906250
vt 0.296875 0.062500
vt 0.296875 0.468750
vt 0.281250 0.812500
vt 0.281250 0.781250
vt 0.281250 0.375000
vt 0.281250 0.343750
vt 0.281250 0.750000
vt 0.281250 0.312500
vt 0.281250 0.718750
vt 0.281250 0.281250
vt 0.281250 0.687500
vt 0.281250 0.250000
vt 0.281250 0.656250
vt 0.281250 0.218750
vt 0.281250 0.625000
vt 0.281250 0.187500
vt 0.281250 0.593750
vt 0.281250 0.156250
vt 0.281250 0.562500
vt 0.289063 1.000000
vt 0.281250 0.968750
vt 0.281250 0.125000
vt 0.281250 0.531250
vt 0.281250 0.937500
vt 0.281250 0.093750
vt 0.281250 0.500000
vt 0.281250 0.906250
vt 0.281250 0.062500
vt 0.281250 0.468750
vt 0.281250 0.875000
vt 0.281250 0.031250
vt 0.281250 0.437500
vt 0.281250 0.843750
vt 0.289063 0.000000
vt 0.281250 0.406250
vt 0.265625 0.750000
vt 0.265625 0.718750
vt 0.265625 0.312500
vt 0.265625 0.281250
vt 0.265625 0.687500
vt 0.265625 0.250000
vt 0.265625 0.656250
vt 0.265625 0.218750
vt 0.265625 0.625000
vt 0.265625 0.187500
vt 0.265625 0.593750
vt 0.265625 0.156250
vt 0.265625 0.562500
vt 0.273438 1.000000
vt 0.265625 0.968750
vt 0.265625 0.125000
vt 0.265625 0.531250
vt 0.265625 0.937500
vt 0.265625 0.093750
vt 0.265625 0.500000
vt 0.265625 0.906250
vt 0.265625 0.062500
vt 0.265625 0.468750
vt 0.265625 0.875000
vt 0.265625 0.031250
vt 0.265625 0.437500
vt 0.265625 0.843750
vt 0.273438 0.000000
vt 0.265625 0.406250
vt 0.265625 0.812500
vt 0.265625 0.375000
vt 0.265625 0.781250
vt 0.265625 0.343750
vt 0.250000 0.687500
vt 0.250000 0.656250
vt 0.250000 0.250000
vt 0.250000 0.218750
vt 0.250000 0.625000
vt 0.250000 0.187500
vt 0.250000 0.593750
vt 0.250000 0.156250
vt 0.250000 0.562500
vt 0.257812 1.000000
vt 0.250000 0.968750
vt 0.250000 0.125000
vt 0.250000 0.531250
vt 0.250000 0.937500
vt 0.250000 0.093750
vt 0.250000 0.500000
vt 0.250000 0.906250
vt 0.250000 0.062500
vt 0.250000 0.468750
vt 0.250000 0.875000
vt 0.250000 0.031250
vt 0.250000 0.437500
vt 0.250000 0.843750
vt 0.257812 0.000000
vt 0.250000 0.406250
vt 0.250000 0.812500
vt 0.250000 0.375000
vt 0.250000 0.781250
vt 0.250000 0.343750
vt 0.250000 0.750000
vt 0.250000 0.312500
vt 0.250000 0.718750
vt 0.250000 0.281250
vt 0.234375 0.625000
vt 0.234375 0.593750
vt 0.234375 0.187500
vt 0.234375 0.156250
vt 0.234375 0.562500
vt 0.242188 1.000000
vt 0.234375 0.968750
vt 0.234375 0.125000
vt 0.234375 0.531250
vt 0.234375 0.937500
vt 0.234375 0.093750
vt 0.234375 0.500000
vt 0.234375 0.906250
vt 0.234375 0.062500
vt 0.234375 0.468750
vt 0.234375 0.875000
vt 0.234375 0.031250
vt 0.234375 0.437500
vt 0.234375 0.843750
vt 0.242188 0.000000
vt 0.234375 0.406250
vt 0.234375 0.812500
vt 0.234375 0.375000
vt 0.234375 0.781250
vt 0.234375 0.343750
vt 0.234375 0.750000
vt 0.234375 0.312500
vt 0.234375 0.718750
vt 0.234375 0.281250
vt 0.234375 0.687500
vt 0.234375 0.250000
vt 0.234375 0.656250
vt 0.234375 0.218750
vt 0.218750 0.562500
vt 0.218750 0.531250
vt 0.218750 0.968750
vt 0.218750 0.937500
vt 0.218750 0.125000
vt 0.218750 0.093750
vt 0.218750 0.500000
vt 0.218750 0.906250
vt 0.218750 0.062500
vt 0.218750 0.468750
vt 0.218750 0.875000
vt 0.218750 0.031250
vt 0.218750 0.437500
vt 0.218750 0.843750
vt 0.226563 0.000000
vt 0.218750 0.406250
vt 0.218750 0.812500
vt 0.218750 0.375000
vt 0.218750 0.781250
vt 0.218750 0.343750
vt 0.218750 0.750000
vt 0.218750 0.312500
vt 0.218750 0.718750
vt 0.218750 0.281250
vt 0.218750 0.687500
vt 0.218750 0.250000
vt 0.218750 0.656250
vt 0.218750 0.218750
vt 0.218750 0.625000
vt 0.218750 0.187500
vt 0.218750 0.593750
vt 0.218750 0.156250
vt 0.226563 1.000000
vt 0.203125 0.500000
vt 0.203125 0.468750
vt 0.203125 0.906250
vt 0.203125 0.875000
vt 0.203125 0.062500
vt 0.203125 0.031250
vt 0.203125 0.437500
vt 0.203125 0.843750
vt 0.210938 0.000000
vt 0.203125 0.406250
vt 0.203125 0.812500
vt 0.203125 0.375000
vt 0.203125 0.781250
vt 0.203125 0.343750
vt 0.203125 0.750000
vt 0.203125 0.312500
vt 0.203125 0.718750
vt 0.203125 0.281250
vt 0.203125 0.687500
vt 0.203125 0.250000
vt 0.203125 0.656250
vt 0.203125 0.218750
vt 0.203125 0.625000
vt 0.203125 0.187500
vt 0.203125 0.593750
vt 0.203125 0.156250
vt 0.203125 0.562500
vt 0.210938 1.000000
vt 0.203125 0.968750
vt 0.203125 0.125000
vt 0.203125 0.531250
vt 0.203125 0.937500
vt 0.203125 0.093750
vt 0.187500 0.437500
vt 0.187500 0.406250
vt 0.187500 0.843750
vt 0.187500 0.812500
vt 0.187500 0.375000
vt 0.187500 0.781250
vt 0.187500 0.343750
vt 0.187500 0.750000
vt 0.187500 0.312500
vt 0.187500 0.718750
vt 0.187500 0.281250
vt 0.187500 0.687500
vt 0.187500 0.250000
vt 0.187500 0.656250
vt 0.187500 0.218750
vt 0.187500 0.625000
vt 0.187500 0.187500
vt 0.187500 0.593750
vt 0.187500 0.156250
vt 0.187500 0.562500
vt 0.195313 1.000000
vt 0.187500 0.968750
vt 0.187500 0.125000
vt 0.187500 0.531250
vt 0.187500 0.937500
vt 0.187500 0.093750
vt 0.187500 0.500000
vt 0.187500 0.906250
vt 0.187500 0.062500
vt 0.187500 0.468750
vt 0.187500 0.875000
vt 0.187500 0.031250
vt 0.195313 0.000000
vt 0.171875 0.375000
vt 0.171875 0.343750
vt 0.171875 0.781250
vt 0.171875 0.750000
vt 0.171875 0.312500
vt 0.171875 0.718750
vt 0.171875 0.281250
vt 0.171875 0.687500
vt 0.171875 0.250000
vt 0.171875 0.656250
vt 0.171875 0.218750
vt 0.171875 0.625000
vt 0.171875 0.187500
vt 0.171875 0.593750
vt 0.171875 0.156250
vt 0.171875 0.562500
vt 0.179688 1.000000
vt 0.171875 0.968750
vt 0.171875 0.125000
vt 0.171875 0.531250
vt 0.171875 0.937500
vt 0.171875 0.093750
vt 0.171875 0.500000
vt 0.171875 0.906250
vt 0.171875 0.062500
vt 0.171875 0.468750
vt 0.171875 0.875000
vt 0.171875 0.031250
vt 0.171875 0.437500
vt 0.171875 0.843750
vt 0.179688 0.000000
vt 0.171875 0.406250
vt 0.171875 0.812500
vt 0.156250 0.312500
vt 0.156250 0.281250
vt 0.156250 0.718750
vt 0.156250 0.687500
vt 0.156250 0.250000
vt 0.156250 0.656250
vt 0.156250 0.218750
vt 0.156250 0.625000
vt 0.156250 0.187500
vt 0.156250 0.593750
vt 0.156250 0.156250
vt 0.156250 0.562500
vt 0.164063 1.000000
vt 0.156250 0.968750
vt 0.156250 0.125000
vt 0.156250 0.531250
vt 0.156250 0.937500
vt 0.156250 0.093750
vt 0.156250 0.500000
vt 0.156250 0.906250
vt 0.156250 0.062500
vt 0.156250 0.468750
vt 0.156250 0.875000
vt 0.156250 0.031250
vt 0.156250 0.437500
vt 0.156250 0.843750
vt 0.164063 0.000000
vt 0.156250 0.406250
vt 0.156250 0.812500
vt 0.156250 0.375000
vt 0.156250 0.781250
vt 0.156250 0.343750
vt 0.156250 0.750000
vt 0.140625 0.250000
vt 0.140625 0.218750
vt 0.140625 0.656250
vt 0.140625 0.625000
vt 0.140625 0.187500
vt 0.140625 0.593750
vt 0.140625 0.156250
vt 0.140625 0.562500
vt 0.148438 1.000000
vt 0.140625 0.968750
vt 0.140625 0.125000
vt 0.140625 0.531250
vt 0.140625 0.937500
vt 0.140625 0.093750
vt 0.140625 0.500000
vt 0.140625 0.906250
vt 0.140625 0.062500
vt 0.140625 0.468750
vt 0.140625 0.875000
vt 0.140625 0.031250
vt 0.140625 0.437500
vt 0.140625 0.843750
vt 0.148438 0.000000
vt 0.140625 0.406250
vt 0.140625 0.812500
vt 0.140625 0.375000
vt 0.140625 0.781250
vt 0.140625 0.343750
vt 0.140625 0.750000
vt 0.140625 0.312500
vt 0.140625 0.718750
vt 0.140625 0.281250
vt 0.140625 0.687500
vt 0.125000 0.187500
vt 0.125000 0.156250
vt 0.125000 0.593750
vt 0.125000 0.562500
vt 0.132813 1.000000
vt 0.125000 0.968750
vt 0.125000 0.125000
vt 0.125000 0.531250
vt 0.125000 0.937500
vt 0.125000 0.093750
vt 0.125000 0.500000
vt 0.125000 0.906250
vt 0.125000 0.062500
vt 0.125000 0.468750
vt 0.125000 0.875000
vt 0.125000 0.031250
vt 0.125000 0.437500
vt 0.125000 0.843750
vt 0.132813 0.000000
vt 0.125000 0.406250
vt 0.125000 0.812500
vt 0.125000 0.375000
vt 0.125000 0.781250
vt 0.125000 0.343750
vt 0.125000 0.750000
vt 0.125000 0.312500
vt 0.125000 0.718750
vt 0.125000 0.281250
vt 0.125000 0.687500
vt 0.125000 0.250000
vt 0.125000 0.656250
vt 0.125000 0.218750
vt 0.125000 0.625000
vt 0.109375 0.125000
vt 0.109375 0.093750
vt 0.109375 0.531250
vt 0.109375 0.500000
vt 0.109375 0.937500
vt 0.109375 0.906250
vt 0.109375 0.062500
vt 0.109375 0.468750
vt 0.109375 0.875000
vt 0.109375 0.031250
vt 0.109375 0.437500
vt 0.109375 0.843750
vt 0.117188 0.000000
vt 0.109375 0.406250
vt 0.109375 0.812500
vt 0.109375 0.375000
vt 0.109375 0.781250
vt 0.109375 0.343750
vt 0.109375 0.750000
vt 0.109375 0.312500
vt 0.109375 0.718750
vt 0.109375 0.281250
vt 0.109375 0.687500
vt 0.109375 0.250000
vt 0.109375 0.656250
vt 0.109375 0.218750
vt 0.109375 0.625000
vt 0.109375 0.187500
vt 0.109375 0.593750
vt 0.109375 0.156250
vt 0.109375 0.562500
vt 0.117188 1.000000
vt 0.109375 0.968750
vt 0.093750 0.062500
vt 0.093750 0.031250
vt 0.093750 0.468750
vt 0.093750 0.437500
vt 0.093750 0.875000
vt 0.093750 0.843750
vt 0.101563 0.000000
vt 0.093750 0.406250
vt 0.093750 0.812500
vt 0.093750 0.375000
vt 0.093750 0.781250
vt 0.093750 0.343750
vt 0.093750 0.750000
vt 0.093750 0.312500
vt 0.093750 0.718750
vt 0.093750 0.281250
vt 0.093750 0.687500
vt 0.093750 0.250000
vt 0.093750 0.656250
vt 0.093750 0.218750
vt 0.093750 0.625000
vt 0.093750 0.187500
vt 0.093750 0.593750
vt 0.093750 0.156250
vt 0.093750 0.562500
vt 0.101563 1.000000
vt 0.093750 0.968750
vt 0.093750 0.125000
vt 0.093750 0.531250
vt 0.093750 0.937500
vt 0.093750 0.093750
vt 0.093750 0.500000
vt 0.093750 0.906250
vt 0.078125 0.406250
vt 0.078125 0.375000
vt 0.078125 0.812500
vt 0.078125 0.781250
vt 0.078125 0.343750
vt 0.078125 0.750000
vt 0.078125 0.312500
vt 0.078125 0.718750
vt 0.078125 0.281250
vt 0.078125 0.687500
vt 0.078125 0.250000
vt 0.078125 0.656250
vt 0.078125 0.218750
vt 0.078125 0.625000
vt 0.078125 0.187500
vt 0.078125 0.593750
vt 0.078125 0.156250
vt 0.078125 0.562500
vt 0.085938 1.000000
vt 0.078125 0.968750
vt 0.078125 0.125000
vt 0.078125 0.531250
vt 0.078125 0.937500
vt 0.078125 0.093750
vt 0.078125 0.500000
vt 0.078125 0.906250
vt 0.078125 0.062500
vt 0.078125 0.468750
vt 0.078125 0.875000
vt 0.078125 0.031250
vt 0.078125 0.437500
vt 0.078125 0.843750
vt 0.085938 0.000000
vt 0.062500 0.343750
vt 0.062500 0.312500
vt 0.062500 0.750000
vt 0.062500 0.718750
vt 0.062500 0.281250
vt 0.062500 0.687500
vt 0.062500 0.250000
vt 0.062500 0.656250
vt 0.062500 0.218750
vt 0.062500 0.625000
vt 0.062500 0.187500
vt 0.062500 0.593750
vt 0.062500 0.156250
vt 0.062500 0.562500
vt 0.070313 1.000000
vt 0.062500 0.968750
vt 0.062500 0.125000
vt 0.062500 0.531250
vt 0.062500 0.937500
vt 0.062500 0.093750
vt 0.062500 0.500000
vt 0.062500 0.906250
vt 0.062500 0.062500
vt 0.062500 0.468750
vt 0.062500 0.875000
vt 0.062500 0.031250
vt 0.062500 0.437500
vt 0.062500 0.843750
vt 0.070313 0.000000
vt 0.062500 0.406250
vt 0.062500 0.812500
vt 0.062500 0.375000
vt 0.062500 0.781250
vt 0.046875 0.281250
vt 0.046875 0.250000
vt 0.046875 0.687500
vt 0.046875 0.656250
vt 0.046875 0.218750
vt 0.046875 0.625000
vt 0.046875 0.187500
vt 0.046875 0.593750
vt 0.046875 0.156250
vt 0.046875 0.562500
vt 0.054688 1.000000
vt 0.046875 0.968750
vt 0.046875 0.125000
vt 0.046875 0.531250
vt 0.046875 0.937500
vt 0.046875 0.093750
vt 0.046875 0.500000
vt 0.046875 0.906250
vt 0.046875 0.062500
vt 0.046875 0.468750
vt 0.046875 0.875000
vt 0.046875 0.031250
vt 0.046875 0.437500
vt 0.046875 0.843750
vt 0.054688 0.000000
vt 0.046875 0.406250
vt 0.046875 0.812500
vt 0.046875 0.375000
vt 0.046875 0.781250
vt 0.046875 0.343750
vt 0.046875 0.750000
vt 0.046875 0.312500
vt 0.046875 0.718750
vt 0.031250 0.218750
vt 0.031250 0.187500
vt 0.031250 0.625000
vt 0.031250 0.593750
vt 0.031250 0.156250
vt 0.031250 0.562500
vt 0.039063 1.000000
vt 0.031250 0.968750
vt 0.031250 0.125000
vt 0.031250 0.531250
vt 0.031250 0.937500
vt 0.031250 0.093750
vt 0.031250 0.500000
vt 0.031250 0.906250
vt 0.031250 0.062500
vt 0.031250 0.468750
vt 0.031250 0.875000
vt 0.031250 0.031250
vt 0.031250 0.437500
vt 0.031250 0.843750
vt 0.039063 0.000000
vt 0.031250 0.406250
vt 0.031250 0.812500
vt 0.031250 0.375000
vt 0.031250 0.781250
vt 0.031250 0.343750
vt 0.031250 0.750000
vt 0.031250 0.312500
vt 0.031250 0.718750
vt 0.031250 0.281250
vt 0.031250 0.687500
vt 0.031250 0.250000
vt 0.031250 0.656250
vt 0.023438 1.000000
vt 0.015625 0.968750
vt 0.015625 0.156250
vt 0.015625 0.125000
vt 0.015625 0.562500
vt 0.015625 0.531250
vt 0.015625 0.937500
vt 0.015625 0.093750
vt 0.015625 0.500000
vt 0.015625 0.906250
vt 0.015625 0.062500
vt 0.015625 0.468750
vt 0.015625 0.875000
vt 0.015625 0.031250
vt 0.015625 0.437500
vt 0.015625 0.843750
vt 0.023438 0.000000
vt 0.015625 0.406250
vt 0.015625 0.812500
vt 0.015625 0.375000
vt 0.015625 0.781250
vt 0.015625 0.343750
vt 0.015625 0.750000
vt 0.015625 0.312500
vt 0.015625 0.718750
vt 0.015625 0.281250
vt 0.015625 0.687500
vt 0.015625 0.250000
vt 0.015625 0.656250
vt 0.015625 0.218750
vt 0.015625 0.625000
vt 0.015625 0.187500
vt 0.015625 0.593750
vt 0.000000 0.937500
vt 0.000000 0.906250
vt 0.000000 0.093750
vt 0.000000 0.062500
vt 0.000000 0.500000
vt 0.000000 0.468750
vt 0.000000 0.875000
vt 0.000000 0.031250
vt 0.000000 0.437500
vt 0.000000 0.843750
vt 0.007813 0.000000
vt 0.000000 0.406250
vt 0.000000 0.812500
vt 0.000000 0.375000
vt 0.000000 0.781250
vt 0.000000 0.343750
vt 0.000000 0.750000
vt 0.000000 0.312500
vt 0.000000 0.718750
vt 0.000000 0.281250
vt 0.000000 0.687500
vt 0.000000 0.250000
vt 0.000000 0.656250
vt 0.000000 0.218750
vt 0.000000 0.625000
vt 0.000000 0.187500
vt 0.000000 0.593750
vt 0.000000 0.156250
vt 0.000000 0.562500
vt 0.007813 1.000000
vt 0.000000 0.968750
vt 0.000000 0.125000
vt 0.000000 0.531250
vt 1.000000 0.843750
vt 1.000000 0.875000
vt 0.984375 0.875000
vt 0.984375 0.843750
vt 0.992188 0.000000
vt 1.000000 0.031250
vt 0.984375 0.031250
vt 1.000000 0.406250
vt 1.000000 0.437500
vt 0.984375 0.437500
vt 0.984375 0.406250
vt 1.000000 0.812500
vt 0.984375 0.812500
vt 1.000000 0.375000
vt 0.984375 0.375000
vt 1.000000 0.781250
vt 0.984375 0.781250
vt 1.000000 0.343750
vt 0.984375 0.343750
vt 1.000000 0.750000
vt 0.984375 0.750000
vt 1.000000 0.312500
vt 0.984375 0.312500
vt 1.000000 0.718750
vt 0.984375 0.718750
vt 1.000000 0.281250
vt 0.984375 0.281250
vt 1.000000 0.687500
vt 0.984375 0.687500
vt 1.000000 0.250000
vt 0.984375 0.250000
vt 1.000000 0.656250
vt 0.984375 0.656250
vt 1.000000 0.218750
vt 0.984375 0.218750
vt 1.000000 0.625000
vt 0.984375 0.625000
vt 1.000000 0.187500
vt 0.984375 0.187500
vt 1.000000 0.593750
vt 0.984375 0.593750
vt 1.000000 0.156250
vt 0.984375 0.156250
vt 1.000000 0.562500
vt 0.984375 0.562500
vt 1.000000 0.968750
vt 0.992188 1.000000
vt 0.984375 0.968750
vt 1.000000 0.125000
vt 0.984375 0.125000
vt 1.000000 0.531250
vt 0.984375 0.531250
vt 1.000000 0.937500
vt 0.984375 0.937500
vt 1.000000 0.093750
vt 0.984375 0.093750
vt 1.000000 0.500000
vt 0.984375 0.500000
vt 1.000000 0.906250
vt 0.984375 0.906250
vt 1.000000 0.062500
vt 0.984375 0.062500
vt 1.000000 0.468750
vt 0.984375 0.468750
vt 0.968750 0.812500
vt 0.968750 0.781250
vt 0.968750 0.375000
vt 0.968750 0.343750
vt 0.968750 0.750000
vt 0.968750 0.312500
vt 0.968750 0.718750
vt 0.968750 0.281250
vt 0.968750 0.687500
vt 0.968750 0.250000
vt 0.968750 0.656250
vt 0.968750 0.218750
vt 0.968750 0.625000
vt 0.968750 0.187500
vt 0.968750 0.593750
vt 0.968750 0.156250
vt 0.968750 0.562500
vt 0.976562 1.000000
vt 0.968750 0.968750
vt 0.968750 0.125000
vt 0.968750 0.531250
vt 0.968750 0.937500
vt 0.968750 0.093750
vt 0.968750 0.500000
vt 0.968750 0.906250
vt 0.968750 0.062500
vt 0.968750 0.468750
vt 0.968750 0.875000
vt 0.968750 0.031250
vt 0.968750 0.437500
vt 0.968750 0.843750
vt 0.976562 0.000000
vt 0.968750 0.406250
vt 0.953125 0.750000
vt 0.953125 0.718750
vt 0.953125 0.312500
vt 0.953125 0.281250
vt 0.953125 0.687500
vt 0.953125 0.250000
vt 0.953125 0.656250
vt 0.953125 0.218750
vt 0.953125 0.625000
vt 0.953125 0.187500
vt 0.953125 0.593750
vt 0.953125 0.156250
vt 0.953125 0.562500
vt 0.960938 1.000000
vt 0.953125 0.968750
vt 0.953125 0.125000
vt 0.953125 0.531250
vt 0.953125 0.937500
vt 0.953125 0.093750
vt 0.953125 0.500000
vt 0.953125 0.906250
vt 0.953125 0.062500
vt 0.953125 0.468750
vt 0.953125 0.875000
vt 0.953125 0.031250
vt 0.953125 0.437500
vt 0.953125 0.843750
vt 0.960938 0.000000
vt 0.953125 0.406250
vt 0.953125 0.812500
vt 0.953125 0.375000
vt 0.953125 0.781250
vt 0.953125 0.343750
vt 0.937500 0.843750
vt 0.937500 0.812500
vt 0.937500 0.406250
vt 0.937500 0.375000
vt 0.937500 0.781250
vt 0.937500 0.343750
vt 0.937500 0.750000
vt 0.937500 0.312500
vt 0.937500 0.718750
vt 0.937500 0.281250
vt 0.937500 0.687500
vt 0.937500 0.250000
vt 0.937500 0.656250
vt 0.937500 0.218750
vt 0.937500 0.625000
vt 0.937500 0.187500
vt 0.937500 0.593750
vt 0.937500 0.156250
vt 0.937500 0.562500
vt 0.945312 1.000000
vt 0.937500 0.968750
vt 0.937500 0.125000
vt 0.937500 0.531250
vt 0.937500 0.937500
vt 0.937500 0.093750
vt 0.937500 0.500000
vt 0.937500 0.906250
vt 0.937500 0.062500
vt 0.937500 0.468750
vt 0.937500 0.875000
vt 0.937500 0.031250
vt 0.937500 0.437500
vt 0.945312 0.000000
vt 0.921875 0.781250
vt 0.921875 0.750000
vt 0.921875 0.343750
vt 0.921875 0.312500
vt 0.921875 0.718750
vt 0.921875 0.281250
vt 0.921875 0.687500
vt 0.921875 0.250000
vt 0.921875 0.656250
vt 0.921875 0.218750
vt 0.921875 0.625000
vt 0.921875 0.187500
vt 0.921875 0.593750
vt 0.921875 0.156250
vt 0.921875 0.562500
vt 0.929688 1.000000
vt 0.921875 0.968750
vt 0.921875 0.125000
vt 0.921875 0.531250
vt 0.921875 0.937500
vt 0.921875 0.093750
vt 0.921875 0.500000
vt 0.921875 0.906250
vt 0.921875 0.062500
vt 0.921875 0.468750
vt 0.921875 0.875000
vt 0.921875 0.031250
vt 0.921875 0.437500
vt 0.921875 0.843750
vt 0.929688 0.000000
vt 0.921875 0.406250
vt 0.921875 0.812500
vt 0.921875 0.375000
vt 0.906250 0.718750
vt 0.906250 0.687500
vt 0.906250 0.281250
vt 0.906250 0.250000
vt 0.906250 0.656250
vt 0.906250 0.218750
vt 0.906250 0.625000
vt 0.906250 0.187500
vt 0.906250 0.593750
vt 0.906250 0.156250
vt 0.906250 0.562500
vt 0.914062 1.000000
vt 0.906250 0.968750
vt 0.906250 0.125000
vt 0.906250 0.531250
vt 0.906250 0.937500
vt 0.906250 0.093750
vt 0.906250 0.500000
vt 0.906250 0.906250
vt 0.906250 0.062500
vt 0.906250 0.468750
vt 0.906250 0.875000
vt 0.906250 0.031250
vt 0.906250 0.437500
vt 0.906250 0.843750
vt 0.914062 0.000000
vt 0.906250 0.406250
vt 0.906250 0.812500
vt 0.906250 0.375000
vt 0.906250 0.781250
vt 0.906250 0.343750
vt 0.906250 0.750000
vt 0.906250 0.312500
vt 0.890625 0.656250
vt 0.890625 0.625000
vt 0.890625 0.218750
vt 0.890625 0.187500
vt 0.890625 0.593750
vt 0.890625 0.156250
vt 0.890625 0.562500
vt 0.898438 1.000000
vt 0.890625 0.968750
vt 0.890625 0.125000
vt 0.890625 0.531250
vt 0.890625 0.937500
vt 0.890625 0.093750
vt 0.890625 0.500000
vt 0.890625 0.906250
vt 0.890625 0.062500
vt 0.890625 0.468750
vt 0.890625 0.875000
vt 0.890625 0.031250
vt 0.890625 0.437500
vt 0.890625 0.843750
vt 0.898438 0.000000
vt 0.890625 0.406250
vt 0.890625 0.812500
vt 0.890625 0.375000
vt 0.890625 0.781250
vt 0.890625 0.343750
vt 0.890625 0.750000
vt 0.890625 0.312500
vt 0.890625 0.718750
vt 0.890625 0.281250
vt 0.890625 0.687500
vt 0.890625 0.250000
vt 0.875000 0.593750
vt 0.875000 0.562500
vt 0.882812 1.000000
vt 0.875000 0.968750
vt 0.875000 0.156250
vt 0.875000 0.125000
vt 0.875000 0.531250
vt 0.875000 0.937500
vt 0.875000 0.093750
vt 0.875000 0.500000
vt 0.875000 0.906250
vt 0.875000 0.062500
vt 0.875000 0.468750
vt 0.875000 0.875000
vt 0.875000 0.031250
vt 0.875000 0.437500
vt 0.875000 0.843750
vt 0.882812 0.000000
vt 0.875000 0.406250
vt 0.875000 0.812500
vt 0.875000 0.375000
vt 0.875000 0.781250
vt 0.875000 0.343750
vt 0.875000 0.750000
vt 0.875000 0.312500
vt 0.875000 0.718750
vt 0.875000 0.281250
vt 0.875000 0.687500
vt 0.875000 0.250000
vt 0.875000 0.656250
vt 0.875000 0.218750
vt 0.875000 0.625000
vt 0.875000 0.187500
vt 0.859375 0.531250
vt 0.859375 0.500000
vt 0.859375 0.937500
vt 0.859375 0.906250
vt 0.859375 0.093750
vt 0.859375 0.062500
vt 0.859375 0.468750
vt 0.859375 0.875000
vt 0.859375 0.031250
vt 0.859375 0.437500
vt 0.859375 0.843750
vt 0.867188 0.000000
vt 0.859375 0.406250
vt 0.859375 0.812500
vt 0.859375 0.375000
vt 0.859375 0.781250
vt 0.859375 0.343750
vt 0.859375 0.750000
vt 0.859375 0.312500
vt 0.859375 0.718750
vt 0.859375 0.281250
vt 0.859375 0.687500
vt 0.859375 0.250000
vt 0.859375 0.656250
vt 0.859375 0.218750
vt 0.859375 0.625000
vt 0.859375 0.187500
vt 0.859375 0.593750
vt 0.859375 0.156250
vt 0.859375 0.562500
vt 0.867188 1.000000
vt 0.859375 0.968750
vt 0.859375 0.125000
vt 0.843750 0.468750
vt 0.843750 0.437500
vt 0.843750 0.875000
vt 0.843750 0.843750
vt 0.851562 0.000000
vt 0.843750 0.031250
vt 0.843750 0.406250
vt 0.843750 0.812500
vt 0.843750 0.375000
vt 0.843750 0.781250
vt 0.843750 0.343750
vt 0.843750 0.750000
vt 0.843750 0.312500
vt 0.843750 0.718750
vt 0.843750 0.281250
vt 0.843750 0.687500
vt 0.843750 0.250000
vt 0.843750 0.656250
vt 0.843750 0.218750
vt 0.843750 0.625000
vt 0.843750 0.187500
vt 0.843750 0.593750
vt 0.843750 0.156250
vt 0.843750 0.562500
vt 0.851562 1.000000
vt 0.843750 0.968750
vt 0.843750 0.125000
vt 0.843750 0.531250
vt 0.843750 0.937500
vt 0.843750 0.093750
vt 0.843750 0.500000
vt 0.843750 0.906250
vt 0.843750 0.062500
vt 0.828125 0.406250
vt 0.828125 0.375000
vt 0.828125 0.812500
vt 0.828125 0.781250
vt 0.828125 0.343750
vt 0.828125 0.750000
vt 0.828125 0.312500
vt 0.828125 0.718750
vt 0.828125 0.281250
vt 0.828125 0.687500
vt 0.828125 0.250000
vt 0.828125 0.656250
vt 0.828125 0.218750
vt 0.828125 0.625000
vt 0.828125 0.187500
vt 0.828125 0.593750
vt 0.828125 0.156250
vt 0.828125 0.562500
vt 0.835938 1.000000
vt 0.828125 0.968750
vt 0.828125 0.125000
vt 0.828125 0.531250
vt 0.828125 0.937500
vt 0.828125 0.093750
vt 0.828125 0.500000
vt 0.828125 0.906250
vt 0.828125 0.062500
vt 0.828125 0.468750
vt 0.828125 0.875000
vt 0.828125 0.031250
vt 0.828125 0.437500
vt 0.828125 0.843750
vt 0.835938 0.000000
vt 0.812500 0.343750
vt 0.812500 0.312500
vt 0.812500 0.750000
vt 0.812500 0.718750
vt 0.812500 0.281250
vt 0.812500 0.687500
vt 0.812500 0.250000
vt 0.812500 0.656250
vt 0.812500 0.218750
vt 0.812500 0.625000
vt 0.812500 0.187500
vt 0.812500 0.593750
vt 0.812500 0.156250
vt 0.812500 0.562500
vt 0.820312 1.000000
vt 0.812500 0.968750
vt 0.812500 0.125000
vt 0.812500 0.531250
vt 0.812500 0.937500
vt 0.812500 0.093750
vt 0.812500 0.500000
vt 0.812500 0.906250
vt 0.812500 0.062500
vt 0.812500 0.468750
vt 0.812500 0.875000
vt 0.812500 0.031250
vt 0.812500 0.437500
vt 0.812500 0.843750
vt 0.820312 0.000000
vt 0.812500 0.406250
vt 0.812500 0.812500
vt 0.812500 0.375000
vt 0.812500 0.781250
vt 0.796875 0.281250
vt 0.796875 0.250000
vt 0.796875 0.687500
vt 0.796875 0.656250
vt 0.796875 0.218750
vt 0.796875 0.625000
vt 0.796875 0.187500
vt 0.796875 0.593750
vt 0.796875 0.156250
vt 0.796875 0.562500
vt 0.804688 1.000000
vt 0.796875 0.968750
vt 0.796875 0.125000
vt 0.796875 0.531250
vt 0.796875 0.937500
vt 0.796875 0.093750
vt 0.796875 0.500000
vt 0.796875 0.906250
vt 0.796875 0.062500
vt 0.796875 0.468750
vt 0.796875 0.875000
vt 0.796875 0.031250
vt 0.796875 0.437500
vt 0.796875 0.843750
vt 0.804688 0.000000
vt 0.796875 0.406250
vt 0.796875 0.812500
vt 0.796875 0.375000
vt 0.796875 0.781250
vt 0.796875 0.343750
vt 0.796875 0.750000
vt 0.796875 0.312500
vt 0.796875 0.718750
vt 0.781250 0.218750
vt 0.781250 0.187500
vt 0.781250 0.625000
vt 0.781250 0.593750
vt 0.781250 0.156250
vt 0.781250 0.562500
vt 0.789062 1.000000
vt 0.781250 0.968750
vt 0.781250 0.125000
vt 0.781250 0.531250
vt 0.781250 0.937500
vt 0.781250 0.093750
vt 0.781250 0.500000
vt 0.781250 0.906250
vt 0.781250 0.062500
vt 0.781250 0.468750
vt 0.781250 0.875000
vt 0.781250 0.031250
vt 0.781250 0.437500
vt 0.781250 0.843750
vt 0.789062 0.000000
vt 0.781250 0.406250
vt 0.781250 0.812500
vt 0.781250 0.375000
vt 0.781250 0.781250
vt 0.781250 0.343750
vt 0.781250 0.750000
vt 0.781250 0.312500
vt 0.781250 0.718750
vt 0.781250 0.281250
vt 0.781250 0.687500
vt 0.781250 0.250000
vt 0.781250 0.656250
vt 0.773438 1.000000
vt 0.765625 0.968750
vt 0.765625 0.156250
vt 0.765625 0.125000
vt 0.765625 0.562500
vt 0.765625 0.531250
vt 0.765625 0.937500
vt 0.765625 0.093750
vt 0.765625 0.500000
vt 0.765625 0.906250
vt 0.765625 0.062500
vt 0.765625 0.468750
vt 0.765625 0.875000
vt 0.765625 0.031250
vt 0.765625 0.437500
vt 0.765625 0.843750
vt 0.773438 0.000000
vt 0.765625 0.406250
vt 0.765625 0.812500
vt 0.765625 0.375000
vt 0.765625 0.781250
vt 0.765625 0.343750
vt 0.765625 0.750000
vt 0.765625 0.312500
vt 0.765625 0.718750
vt 0.765625 0.281250
vt 0.765625 0.687500
vt 0.765625 0.250000
vt 0.765625 0.656250
vt 0.765625 0.218750
vt 0.765625 0.625000
vt 0.765625 0.187500
vt 0.765625 0.593750
vt 0.757812 0.000000
vt 0.757812 1.000000
s 1
usemtl Earth_Mat
f 2/1/2 1970/2/1970 17/3/17 18/4/18
f 14/5/14 1985/6/1985 44/7/44 45/8/45
f 1976/9/1976 1975/10/1975 31/11/31 32/12/32
f 3/13/3 2/1/2 18/4/18 19/14/19
f 15/15/15 14/5/14 45/8/45 46/16/46
f 1977/17/1977 1976/9/1976 32/12/32 33/18/33
f 4/19/4 3/13/3 19/14/19 20/20/20
f 1986/21/1986 15/15/15 46/16/46 47/22/47
f 11/23/11 1977/17/1977 33/18/33 34/24/34
f 1971/25/1971 4/19/4 20/20/20 21/26/21
f 16/27/16 1986/21/1986 47/22/47
f 12/28/12 11/23/11 34/24/34 35/29/35
f 5/30/5 1971/25/1971 21/26/21 22/31/22
f 1978/32/1978 12/28/12 35/29/35 36/33/36
f 6/34/6 5/30/5 22/31/22 23/35/23
f 1979/36/1979 1978/32/1978 36/33/36 37/37/37
f 1972/38/1972 6/34/6 23/35/23 24/39/24
f 1980/40/1980 1979/36/1979 37/37/37 38/41/38
f 1973/42/1973 1972/38/1972 24/39/24 25/43/25
f 1981/44/1981 1980/40/1980 38/41/38 39/45/39
f 7/46/7 1973/42/1973 25/43/25 26/47/26
f 1982/48/1982 1981/44/1981 39/45/39 40/49/40
f 8/50/8 7/46/7 26/47/26 27/51/27
f 13/52/13 1982/48/1982 40/49/40 41/53/41
f 1974/54/1974 8/50/8 27/51/27 28/55/28
f 1983/56/1983 13/52/13 41/53/41 42/57/42
f 9/58/9 1974/54/1974 28/55/28 29/59/29
f 1984/60/1984 1983/56/1983 42/57/42 43/61/43
f 10/62/10 9/58/9 29/59/29 30/63/30
f 1970/2/1970 1/64/1 17/3/17
f 1985/6/1985 1984/60/1984 43/61/43 44/7/44
f 1975/10/1975 10/62/10 30/63/30 31/11/31
f 40/49/40 39/45/39 70/65/70 71/66/71
f 27/51/27 26/47/26 57/67/57 58/68/58
f 41/53/41 40/49/40 71/66/71 72/69/72
f 28/55/28 27/51/27 58/68/58 59/70/59
f 42/57/42 41/53/41 72/69/72 73/71/73
f 29/59/29 28/55/28 59/70/59 60/72/60
f 43/61/43 42/57/42 73/71/73 74/73/74
f 30/63/30 29/59/29 60/72/60 61/74/61
f 17/3/17 1/75/1 48/76/48
f 44/7/44 43/61/43 74/73/74 75/77/75
f 31/11/31 30/63/30 61/74/61 62/78/62
f 18/4/18 17/3/17 48/76/48 49/79/49
f 45/8/45 44/7/44 75/77/75 76/80/76
f 32/12/32 31/11/31 62/78/62 63/81/63
f 19/14/19 18/4/18 49/79/49 50/82/50
f 46/16/46 45/8/45 76/80/76 77/83/77
f 33/18/33 32/12/32 63/81/63 64/84/64
f 20/20/20 19/14/19 50/82/50 51/85/51
f 47/22/47 46/16/46 77/83/77 78/86/78
f 34/24/34 33/18/33 64/84/64 65/87/65
f 21/26/21 20/20/20 51/85/51 52/88/52
f 16/89/16 47/22/47 78/86/78
f 35/29/35 34/24/34 65/87/65 66/90/66
f 22/31/22 21/26/21 52/88/52 53/91/53
f 36/33/36 35/29/35 66/90/66 67/92/67
f 23/35/23 22/31/22 53/91/53 54/93/54
f 37/37/37 36/33/36 67/92/67 68/94/68
f 24/39/24 23/35/23 54/93/54 55/95/55
f 38/41/38 37/37/37 68/94/68 69/96/69
f 25/43/25 24/39/24 55/95/55 56/97/56
f 39/45/39 38/41/38 69/96/69 70/65/70
f 26/47/26 25/43/25 56/97/56 57/67/57
f 73/71/73 72/69/72 103/98/103 104/99/104
f 60/72/60 59/70/59 90/100/90 91/101/91
f 74/73/74 73/71/73 104/99/104 105/102/105
f 61/74/61 60/72/60 91/101/91 92/103/92
f 48/76/48 1/104/1 79/105/79
f 75/77/75 74/73/74 105/102/105 106/106/106
f 62/78/62 61/74/61 92/103/92 93/107/93
f 49/79/49 48/76/48 79/105/79 80/108/80
f 76/80/76 75/77/75 106/106/106 107/109/107
f 63/81/63 62/78/62 93/107/93 94/110/94
f 50/82/50 49/79/49 80/108/80 81/111/81
f 77/83/77 76/80/76 107/109/107 108/112/108
f 64/84/64 63/81/63 94/110/94 95/113/95
f 51/85/51 50/82/50 81/111/81 82/114/82
f 78/86/78 77/83/77 108/112/108 109/115/109
f 65/87/65 64/84/64 95/113/95 96/116/96
f 52/88/52 51/85/51 82/114/82 83/117/83
f 16/118/16 78/86/78 109/115/109
f 66/90/66 65/87/65 96/116/96 97/119/97
f 53/91/53 52/88/52 83/117/83 84/120/84
f 67/92/67 66/90/66 97/119/97 98/121/98
f 54/93/54 53/91/53 84/120/84 85/122/85
f 68/94/68 67/92/67 98/121/98 99/123/99
f 55/95/55 54/93/54 85/122/85 86/124/86
f 69/96/69 68/94/68 99/123/99 100/125/100
f 56/97/56 55/95/55 86/124/86 87/126/87
f 70/65/70 69/96/69 100/125/100 101/127/101
f 57/67/57 56/97/56 87/126/87 88/128/88
f 71/66/71 70/65/70 101/127/101 102/129/102
f 58/68/58 57/67/57 88/128/88 89/130/89
f 72/69/72 71/66/71 102/129/102 103/98/103
f 59/70/59 58/68/58 89/130/89 90/100/90
f 79/105/79 1/131/1 110/132/110
f 106/106/106 105/102/105 136/133/136 137/134/137
f 93/107/93 92/103/92 123/135/123 124/136/124
f 80/108/80 79/105/79 110/132/110 111/137/111
f 107/109/107 106/106/106 137/134/137 138/138/138
f 94/110/94 93/107/93 124/136/124 125/139/125
f 81/111/81 80/108/80 111/137/111 112/140/112
f 108/112/108 107/109/107 138/138/138 139/141/139
f 95/113/95 94/110/94 125/139/125 126/142/126
f 82/114/82 81/111/81 112/140/112 113/143/113
f 109/115/109 108/112/108 139/141/139 140/144/140
f 96/116/96 95/113/95 126/142/126 127/145/127
f 83/117/83 82/114/82 113/143/113 114/146/114
f 16/147/16 109/115/109 140/144/140
f 97/119/97 96/116/96 127/145/127 128/148/128
f 84/120/84 83/117/83 114/146/114 115/149/115
f 98/121/98 97/119/97 128/148/128 129/150/129
f 85/122/85 84/120/84 115/149/115 116/151/116
f 99/123/99 98/121/98 129/150/129 130/152/130
f 86/124/86 85/122/85 116/151/116 117/153/117
f 100/125/100 99/123/99 130/152/130 131/154/131
f 87/126/87 86/124/86 117/153/117 118/155/118
f 101/127/101 100/125/100 131/154/131 132/156/132
f 88/128/88 87/126/87 118/155/118 119/157/119
f 102/129/102 101/127/101 132/156/132 133/158/133
f 89/130/89 88/128/88 119/157/119 120/159/120
f 103/98/103 102/129/102 133/158/133 134/160/134
f 90/100/90 89/130/89 120/159/120 121/161/121
f 104/99/104 103/98/103 134/160/134 135/162/135
f 91/101/91 90/100/90 121/161/121 122/163/122
f 105/102/105 104/99/104 135/162/135 136/133/136
f 92/103/92 91/101/91 122/163/122 123/135/123
f 112/140/112 111/137/111 142/164/142 143/165/143
f 139/141/139 138/138/138 169/166/169 170/167/170
f 126/142/126 125/139/125 156/168/156 157/169/157
f 113/143/113 112/140/112 143/165/143 144/170/144
f 140/144/140 139/141/139 170/167/170 171/171/171
f 127/145/127 126/142/126 157/169/157 158/172/158
f 114/146/114 113/143/113 144/170/144 145/173/145
f 16/174/16 140/144/140 171/171/171
f 128/148/128 127/145/127 158/172/158 159/175/159
f 115/149/115 114/146/114 145/173/145 146/176/146
f 129/150/129 128/148/128 159/175/159 160/177/160
f 116/151/116 115/149/115 146/176/146 147/178/147
f 130/152/130 129/150/129 160/177/160 161/179/161
f 117/153/117 116/151/116 147/178/147 148/180/148
f 131/154/131 130/152/130 161/179/161 162/181/162
f 118/155/118 117/153/117 148/180/148 149/182/149
f 132/156/132 131/154/131 162/181/162 163/183/163
f 119/157/119 118/155/118 149/182/149 150/184/150
f 133/158/133 132/156/132 163/183/163 164/185/164
f 120/159/120 119/157/119 150/184/150 151/186/151
f 134/160/134 133/158/133 164/185/164 165/187/165
f 121/161/121 120/159/120 151/186/151 152/188/152
f 135/162/135 134/160/134 165/187/165 166/189/166
f 122/163/122 121/161/121 152/188/152 153/190/153
f 136/133/136 135/162/135 166/189/166 167/191/167
f 123/135/123 122/163/122 153/190/153 154/192/154
f 110/132/110 1/193/1 141/194/141
f 137/134/137 136/133/136 167/191/167 168/195/168
f 124/136/124 123/135/123 154/192/154 155/196/155
f 111/137/111 110/132/110 141/194/141 142/164/142
f 138/138/138 137/134/137 168/195/168 169/166/169
f 125/139/125 124/136/124 155/196/155 156/168/156
f 145/173/145 144/170/144 175/197/175 176/198/176
f 16/199/16 171/171/171 202/200/202
f 159/175/159 158/172/158 189/201/189 190/202/190
f 146/176/146 145/173/145 176/198/176 177/203/177
f 160/177/160 159/175/159 190/202/190 191/204/191
f 147/178/147 146/176/146 177/203/177 178/205/178
f 161/179/161 160/177/160 191/204/191 192/206/192
f 148/180/148 147/178/147 178/205/178 179/207/179
f 162/181/162 161/179/161 192/206/192 193/208/193
f 149/182/149 148/180/148 179/207/179 180/209/180
f 163/183/163 162/181/162 193/208/193 194/210/194
f 150/184/150 149/182/149 180/209/180 181/211/181
f 164/185/164 163/183/163 194/210/194 195/212/195
f 151/186/151 150/184/150 181/211/181 182/213/182
f 165/187/165 164/185/164 195/212/195 196/214/196
f 152/188/152 151/186/151 182/213/182 183/215/183
f 166/189/166 165/187/165 196/214/196 197/216/197
f 153/190/153 152/188/152 183/215/183 184/217/184
f 167/191/167 166/189/166 197/216/197 198/218/198
f 154/192/154 153/190/153 184/217/184 185/219/185
f 141/194/141 1/220/1 172/221/172
f 168/195/168 167/191/167 198/218/198 199/222/199
f 155/196/155 154/192/154 185/219/185 186/223/186
f 142/164/142 141/194/141 172/221/172 173/224/173
f 169/166/169 168/195/168 199/222/199 200/225/200
f 156/168/156 155/196/155 186/223/186 187/226/187
f 143/165/143 142/164/142 173/224/173 174/227/174
f 170/167/170 169/166/169 200/225/200 201/228/201
f 157/169/157 156/168/156 187/226/187 188/229/188
f 144/170/144 143/165/143 174/227/174 175/197/175
f 171/171/171 170/167/170 201/228/201 202/200/202
f 158/172/158 157/169/157 188/229/188 189/201/189
f 178/205/178 177/203/177 208/230/208 209/231/209
f 192/206/192 191/204/191 222/232/222 223/233/223
f 179/207/179 178/205/178 209/231/209 210/234/210
f 193/208/193 192/206/192 223/233/223 224/235/224
f 180/209/180 179/207/179 210/234/210 211/236/211
f 194/210/194 193/208/193 224/235/224 225/237/225
f 181/211/181 180/209/180 211/236/211 212/238/212
f 195/212/195 194/210/194 225/237/225 226/239/226
f 182/213/182 181/211/181 212/238/212 213/240/213
f 196/214/196 195/212/195 226/239/226 227/241/227
f 183/215/183 182/213/182 213/240/213 214/242/214
f 197/216/197 196/214/196 227/241/227 228/243/228
f 184/217/184 183/215/183 214/242/214 215/244/215
f 198/218/198 197/216/197 228/243/228 229/245/229
f 185/219/185 184/217/184 215/244/215 216/246/216
f 172/221/172 1/247/1 203/248/203
f 199/222/199 198/218/198 229/245/229 230/249/230
f 186/223/186 185/219/185 216/246/216 217/250/217
f 173/224/173 172/221/172 203/248/203 204/251/204
f 200/225/200 199/222/199 230/249/230 231/252/231
f 187/226/187 186/223/186 217/250/217 218/253/218
f 174/227/174 173/224/173 204/251/204 205/254/205
f 201/228/201 200/225/200 231/252/231 232/255/232
f 188/229/188 187/226/187 218/253/218 219/256/219
f 175/197/175 174/227/174 205/254/205 206/257/206
f 202/200/202 201/228/201 232/255/232 233/258/233
f 189/201/189 188/229/188 219/256/219 220/259/220
f 176/198/176 175/197/175 206/257/206 207/260/207
f 16/261/16 202/200/202 233/258/233
f 190/202/190 189/201/189 220/259/220 221/262/221
f 177/203/177 176/198/176 207/260/207 208/230/208
f 191/204/191 190/202/190 221/262/221 222/232/222
f 211/236/211 210/234/210 241/263/241 242/264/242
f 225/237/225 224/235/224 255/265/255 256/266/256
f 212/238/212 211/236/211 242/264/242 243/267/243
f 226/239/226 225/237/225 256/266/256 257/268/257
f 213/240/213 212/238/212 243/267/243 244/269/244
f 227/241/227 226/239/226 257/268/257 258/270/258
f 214/242/214 213/240/213 244/269/244 245/271/245
f 228/243/228 227/241/227 258/270/258 259/272/259
f 215/244/215 214/242/214 245/271/245 246/273/246
f 229/245/229 228/243/228 259/272/259 260/274/260
f 216/246/216 215/244/215 246/273/246 247/275/247
f 203/248/203 1/276/1 234/277/234
f 230/249/230 229/245/229 260/274/260 261/278/261
f 217/250/217 216/246/216 247/275/247 248/279/248
f 204/251/204 203/248/203 234/277/234 235/280/235
f 231/252/231 230/249/230 261/278/261 262/281/262
f 218/253/218 217/250/217 248/279/248 249/282/249
f 205/254/205 204/251/204 235/280/235 236/283/236
f 232/255/232 231/252/231 262/281/262 263/284/263
f 219/256/219 218/253/218 249/282/249 250/285/250
f 206/257/206 205/254/205 236/283/236 237/286/237
f 233/258/233 232/255/232 263/284/263 264/287/264
f 220/259/220 219/256/219 250/285/250 251/288/251
f 207/260/207 206/257/206 237/286/237 238/289/238
f 16/290/16 233/258/233 264/287/264
f 221/262/221 220/259/220 251/288/251 252/291/252
f 208/230/208 207/260/207 238/289/238 239/292/239
f 222/232/222 221/262/221 252/291/252 253/293/253
f 209/231/209 208/230/208 239/292/239 240/294/240
f 223/233/223 222/232/222 253/293/253 254/295/254
f 210/234/210 209/231/209 240/294/240 241/263/241
f 224/235/224 223/233/223 254/295/254 255/265/255
f 244/269/244 243/267/243 274/296/274 275/297/275
f 258/270/258 257/268/257 288/298/288 289/299/289
f 245/271/245 244/269/244 275/297/275 276/300/276
f 259/272/259 258/270/258 289/299/289 290/301/290
f 246/273/246 245/271/245 276/300/276 277/302/277
f 260/274/260 259/272/259 290/301/290 291/303/291
f 247/275/247 246/273/246 277/302/277 278/304/278
f 234/277/234 1/305/1 265/306/265
f 261/278/261 260/274/260 291/303/291 292/307/292
f 248/279/248 247/275/247 278/304/278 279/308/279
f 235/280/235 234/277/234 265/306/265 266/309/266
f 262/281/262 261/278/261 292/307/292 293/310/293
f 249/282/249 248/279/248 279/308/279 280/311/280
f 236/283/236 235/280/235 266/309/266 267/312/267
f 263/284/263 262/281/262 293/310/293 294/313/294
f 250/285/250 249/282/249 280/311/280 281/314/281
f 237/286/237 236/283/236 267/312/267 268/315/268
f 264/287/264 263/284/263 294/313/294 295/316/295
f 251/288/251 250/285/250 281/314/281 282/317/282
f 238/289/238 237/286/237 268/315/268 269/318/269
f 16/319/16 264/287/264 295/316/295
f 252/291/252 251/288/251 282/317/282 283/320/283
f 239/292/239 238/289/238 269/318/269 270/321/270
f 253/293/253 252/291/252 283/320/283 284/322/284
f 240/294/240 239/292/239 270/321/270 271/323/271
f 254/295/254 253/293/253 284/322/284 285/324/285
f 241/263/241 240/294/240 271/323/271 272/325/272
f 255/265/255 254/295/254 285/324/285 286/326/286
f 242/264/242 241/263/241 272/325/272 273/327/273
f 256/266/256 255/265/255 286/326/286 287/328/287
f 243/267/243 242/264/242 273/327/273 274/296/274
f 257/268/257 256/266/256 287/328/287 288/298/288
f 277/302/277 276/300/276 307/329/307 308/330/308
f 291/303/291 290/301/290 321/331/321 322/332/322
f 278/304/278 277/302/277 308/330/308 309/333/309
f 265/306/265 1/334/1 296/335/296
f 292/307/292 291/303/291 322/332/322 323/336/323
f 279/308/279 278/304/278 309/333/309 310/337/310
f 266/309/266 265/306/265 296/335/296 297/338/297
f 293/310/293 292/307/292 323/336/323 324/339/324
f 280/311/280 279/308/279 310/337/310 311/340/311
f 267/312/267 266/309/266 297/338/297 298/341/298
f 294/313/294 293/310/293 324/339/324 325/342/325
f 281/314/281 280/311/280 311/340/311 312/343/312
f 268/315/268 267/312/267 298/341/298 299/344/299
f 295/316/295 294/313/294 325/342/325 326/345/326
f 282/317/282 281/314/281 312/343/312 313/346/313
f 269/318/269 268/315/268 299/344/299 300/347/300
f 16/348/16 295/316/295 326/345/326
f 283/320/283 282/317/282 313/346/313 314/349/314
f 270/321/270 269/318/269 300/347/300 301/350/301
f 284/322/284 283/320/283 314/349/314 315/351/315
f 271/323/271 270/321/270 301/350/301 302/352/302
f 285/324/285 284/322/284 315/351/315 316/353/316
f 272/325/272 271/323/271 302/352/302 303/354/303
f 286/326/286 285/324/285 316/353/316 317/355/317
f 273/327/273 272/325/272 303/354/303 304/356/304
f 287/328/287 286/326/286 317/355/317 318/357/318
f 274/296/274 273/327/273 304/356/304 305/358/305
f 288/298/288 287/328/287 318/357/318 319/359/319
f 275/297/275 274/296/274 305/358/305 306/360/306
f 289/299/289 288/298/288 319/359/319 320/361/320
f 276/300/276 275/297/275 306/360/306 307/329/307
f 290/301/290 289/299/289 320/361/320 321/331/321
f 310/337/310 309/333/309 340/362/340 341/363/341
f 297/338/297 296/335/296 327/364/327 328/365/328
f 324/339/324 323/336/323 354/366/354 355/367/355
f 311/340/311 310/337/310 341/363/341 342/368/342
f 298/341/298 297/338/297 328/365/328 329/369/329
f 325/342/325 324/339/324 355/367/355 356/370/356
f 312/343/312 311/340/311 342/368/342 343/371/343
f 299/344/299 298/341/298 329/369/329 330/372/330
f 326/345/326 325/342/325 356/370/356 357/373/357
f 313/346/313 312/343/312 343/371/343 344/374/344
f 300/347/300 299/344/299 330/372/330 331/375/331
f 16/376/16 326/345/326 357/373/357
f 314/349/314 313/346/313 344/374/344 345/377/345
f 301/350/301 300/347/300 331/375/331 332/378/332
f 315/351/315 314/349/314 345/377/345 346/379/346
f 302/352/302 301/350/301 332/378/332 333/380/333
f 316/353/316 315/351/315 346/379/346 347/381/347
f 303/354/303 302/352/302 333/380/333 334/382/334
f 317/355/317 316/353/316 347/381/347 348/383/348
f 304/356/304 303/354/303 334/382/334 335/384/335
f 318/357/318 317/355/317 348/383/348 349/385/349
f 305/358/305 304/356/304 335/384/335 336/386/336
f 319/359/319 318/357/318 349/385/349 350/387/350
f 306/360/306 305/358/305 336/386/336 337/388/337
f 320/361/320 319/359/319 350/387/350 351/389/351
f 307/329/307 306/360/306 337/388/337 338/390/338
f 321/331/321 320/361/320 351/389/351 352/391/352
f 308/330/308 307/329/307 338/390/338 339/392/339
f 322/332/322 321/331/321 352/391/352 353/393/353
f 309/333/309 308/330/308 339/392/339 340/362/340
f 296/335/296 1/394/1 327/364/327
f 323/336/323 322/332/322 353/393/353 354/366/354
f 343/371/343 342/368/342 373/395/373 374/396/374
f 330/372/330 329/369/329 360/397/360 361/398/361
f 357/373/357 356/370/356 387/399/387 388/400/388
f 344/374/344 343/371/343 374/396/374 375/401/375
f 331/375/331 330/372/330 361/398/361 362/402/362
f 16/403/16 357/373/357 388/400/388
f 345/377/345 344/374/344 375/401/375 376/404/376
f 332/378/332 331/375/331 362/402/362 363/405/363
f 346/379/346 345/377/345 376/404/376 377/406/377
f 333/380/333 332/378/332 363/405/363 364/407/364
f 347/381/347 346/379/346 377/406/377 378/408/378
f 334/382/334 333/380/333 364/407/364 365/409/365
f 348/383/348 347/381/347 378/408/378 379/410/379
f 335/384/335 334/382/334 365/409/365 366/411/366
f 349/385/349 348/383/348 379/410/379 380/412/380
f 336/386/336 335/384/335 366/411/366 367/413/367
f 350/387/350 349/385/349 380/412/380 381/414/381
f 337/388/337 336/386/336 367/413/367 368/415/368
f 351/389/351 350/387/350 381/414/381 382/416/382
f 338/390/338 337/388/337 368/415/368 369/417/369
f 352/391/352 351/389/351 382/416/382 383/418/383
f 339/392/339 338/390/338 369/417/369 370/419/370
f 353/393/353 352/391/352 383/418/383 384/420/384
f 340/362/340 339/392/339 370/419/370 371/421/371
f 327/364/327 1/422/1 358/423/358
f 354/366/354 353/393/353 384/420/384 385/424/385
f 341/363/341 340/362/340 371/421/371 372/425/372
f 328/365/328 327/364/327 358/423/358 359/426/359
f 355/367/355 354/366/354 385/424/385 386/427/386
f 342/368/342 341/363/341 372/425/372 373/395/373
f 329/369/329 328/365/328 359/426/359 360/397/360
f 356/370/356 355/367/355 386/427/386 387/399/387
f 376/404/376 375/401/375 406/428/406 407/429/407
f 363/405/363 362/402/362 393/430/393 394/431/394
f 377/406/377 376/404/376 407/429/407 408/432/408
f 364/407/364 363/405/363 394/431/394 395/433/395
f 378/408/378 377/406/377 408/432/408 409/434/409
f 365/409/365 364/407/364 395/433/395 396/435/396
f 379/410/379 378/408/378 409/434/409 410/436/410
f 366/411/366 365/409/365 396/435/396 397/437/397
f 380/412/380 379/410/379 410/436/410 411/438/411
f 367/413/367 366/411/366 397/437/397 398/439/398
f 381/414/381 380/412/380 411/438/411 412/440/412
f 368/415/368 367/413/367 398/439/398 399/441/399
f 382/416/382 381/414/381 412/440/412 413/442/413
f 369/417/369 368/415/368 399/441/399 400/443/400
f 383/418/383 382/416/382 413/442/413 414/444/414
f 370/419/370 369/417/369 400/443/400 401/445/401
f 384/420/384 383/418/383 414/444/414 415/446/415
f 371/421/371 370/419/370 401/445/401 402/447/402
f 358/423/358 1/448/1 389/449/389
f 385/424/385 384/420/384 415/446/415 416/450/416
f 372/425/372 371/421/371 402/447/402 403/451/403
f 359/426/359 358/423/358 389/449/389 390/452/390
f 386/427/386 385/424/385 416/450/416 417/453/417
f 373/395/373 372/425/372 403/451/403 404/454/404
f 360/397/360 359/426/359 390/452/390 391/455/391
f 387/399/387 386/427/386 417/453/417 418/456/418
f 374/396/374 373/395/373 404/454/404 405/457/405
f 361/398/361 360/397/360 391/455/391 392/458/392
f 388/400/388 387/399/387 418/456/418 419/459/419
f 375/401/375 374/396/374 405/457/405 406/428/406
f 362/402/362 361/398/361 392/458/392 393/430/393
f 16/460/16 388/400/388 419/459/419
f 409/434/409 408/432/408 439/461/439 440/462/440
f 396/435/396 395/433/395 426/463/426 427/464/427
f 410/436/410 409/434/409 440/462/440 441/465/441
f 397/437/397 396/435/396 427/464/427 428/466/428
f 411/438/411 410/436/410 441/465/441 442/467/442
f 398/439/398 397/437/397 428/466/428 429/468/429
f 412/440/412 411/438/411 442/467/442 443/469/443
f 399/441/399 398/439/398 429/468/429 430/470/430
f 413/442/413 412/440/412 443/469/443 444/471/444
f 400/443/400 399/441/399 430/470/430 431/472/431
f 414/444/414 413/442/413 444/471/444 445/473/445
f 401/445/401 400/443/400 431/472/431 432/474/432
f 415/446/415 414/444/414 445/473/445 446/475/446
f 402/447/402 401/445/401 432/474/432 433/476/433
f 389/449/389 1/477/1 420/478/420
f 416/450/416 415/446/415 446/475/446 447/479/447
f 403/451/403 402/447/402 433/476/433 434/480/434
f 390/452/390 389/449/389 420/478/420 421/481/421
f 417/453/417 416/450/416 447/479/447 448/482/448
f 404/454/404 403/451/403 434/480/434 435/483/435
f 391/455/391 390/452/390 421/481/421 422/484/422
f 418/456/418 417/453/417 448/482/448 449/485/449
f 405/457/405 404/454/404 435/483/435 436/486/436
f 392/458/392 391/455/391 422/484/422 423/487/423
f 419/459/419 418/456/418 449/485/449 450/488/450
f 406/428/406 405/457/405 436/486/436 437/489/437
f 393/430/393 392/458/392 423/487/423 424/490/424
f 16/491/16 419/459/419 450/488/450
f 407/429/407 406/428/406 437/489/437 438/492/438
f 394/431/394 393/430/393 424/490/424 425/493/425
f 408/432/408 407/429/407 438/492/438 439/461/439
f 395/433/395 394/431/394 425/493/425 426/463/426
f 442/467/442 441/465/441 472/494/472 473/495/473
f 429/468/429 428/466/428 459/496/459 460/497/460
f 443/469/443 442/467/442 473/495/473 474/498/474
f 430/470/430 429/468/429 460/497/460 461/499/461
f 444/471/444 443/469/443 474/498/474 475/500/475
f 431/472/431 430/470/430 461/499/461 462/501/462
f 445/473/445 444/471/444 475/500/475 476/502/476
f 432/474/432 431/472/431 462/501/462 463/503/463
f 446/475/446 445/473/445 476/502/476 477/504/477
f 433/476/433 432/474/432 463/503/463 464/505/464
f 420/478/420 1/506/1 451/507/451
f 447/479/447 446/475/446 477/504/477 478/508/478
f 434/480/434 433/476/433 464/505/464 465/509/465
f 421/481/421 420/478/420 451/507/451 452/510/452
f 448/482/448 447/479/447 478/508/478 479/511/479
f 435/483/435 434/480/434 465/509/465 466/512/466
f 422/484/422 421/481/421 452/510/452 453/513/453
f 449/485/449 448/482/448 479/511/479 480/514/480
f 436/486/436 435/483/435 466/512/466 467/515/467
f 423/487/423 422/484/422 453/513/453 454/516/454
f 450/488/450 449/485/449 480/514/480 481/517/481
f 437/489/437 436/486/436 467/515/467 468/518/468
f 424/490/424 423/487/423 454/516/454 455/519/455
f 16/520/16 450/488/450 481/517/481
f 438/492/438 437/489/437 468/518/468 469/521/469
f 425/493/425 424/490/424 455/519/455 456/522/456
f 439/461/439 438/492/438 469/521/469 470/523/470
f 426/463/426 425/493/425 456/522/456 457/524/457
f 440/462/440 439/461/439 470/523/470 471/525/471
f 427/464/427 426/463/426 457/524/457 458/526/458
f 441/465/441 440/462/440 471/525/471 472/494/472
f 428/466/428 427/464/427 458/526/458 459/496/459
f 475/500/475 474/498/474 505/527/505 506/528/506
f 462/501/462 461/499/461 492/529/492 493/530/493
f 476/502/476 475/500/475 506/528/506 507/531/507
f 463/503/463 462/501/462 493/530/493 494/532/494
f 477/504/477 476/502/476 507/531/507 508/533/508
f 464/505/464 463/503/463 494/532/494 495/534/495
f 451/507/451 1/535/1 482/536/482
f 478/508/478 477/504/477 508/533/508 509/537/509
f 465/509/465 464/505/464 495/534/495 496/538/496
f 452/510/452 451/507/451 482/536/482 483/539/483
f 479/511/479 478/508/478 509/537/509 510/540/510
f 466/512/466 465/509/465 496/538/496 497/541/497
f 453/513/453 452/510/452 483/539/483 484/542/484
f 480/514/480 479/511/479 510/540/510 511/543/511
f 467/515/467 466/512/466 497/541/497 498/544/498
f 454/516/454 453/513/453 484/542/484 485/545/485
f 481/517/481 480/514/480 511/543/511 512/546/512
f 468/518/468 467/515/467 498/544/498 499/547/499
f 455/519/455 454/516/454 485/545/485 486/548/486
f 16/549/16 481/517/481 512/546/512
f 469/521/469 468/518/468 499/547/499 500/550/500
f 456/522/456 455/519/455 486/548/486 487/551/487
f 470/523/470 469/521/469 500/550/500 501/552/501
f 457/524/457 456/522/456 487/551/487 488/553/488
f 471/525/471 470/523/470 501/552/501 502/554/502
f 458/526/458 457/524/457 488/553/488 489/555/489
f 472/494/472 471/525/471 502/554/502 503/556/503
f 459/496/459 458/526/458 489/555/489 490/557/490
f 473/495/473 472/494/472 503/556/503 504/558/504
f 460/497/460 459/496/459 490/557/490 491/559/491
f 474/498/474 473/495/473 504/558/504 505/527/505
f 461/499/461 460/497/460 491/559/491 492/529/492
f 508/533/508 507/531/507 538/560/538 539/561/539
f 495/534/495 494/532/494 525/562/525 526/563/526
f 482/536/482 1/564/1 513/565/513
f 509/537/509 508/533/508 539/561/539 540/566/540
f 496/538/496 495/534/495 526/563/526 527/567/527
f 483/539/483 482/536/482 513/565/513 514/568/514
f 510/540/510 509/537/509 540/566/540 541/569/541
f 497/541/497 496/538/496 527/567/527 528/570/528
f 484/542/484 483/539/483 514/568/514 515/571/515
f 511/543/511 510/540/510 541/569/541 542/572/542
f 498/544/498 497/541/497 528/570/528 529/573/529
f 485/545/485 484/542/484 515/571/515 516/574/516
f 512/546/512 511/543/511 542/572/542 543/575/543
f 499/547/499 498/544/498 529/573/529 530/576/530
f 486/548/486 485/545/485 516/574/516 517/577/517
f 16/578/16 512/546/512 543/575/543
f 500/550/500 499/547/499 530/576/530 531/579/531
f 487/551/487 486/548/486 517/577/517 518/580/518
f 501/552/501 500/550/500 531/579/531 532/581/532
f 488/553/488 487/551/487 518/580/518 519/582/519
f 502/554/502 501/552/501 532/581/532 533/583/533
f 489/555/489 488/553/488 519/582/519 520/584/520
f 503/556/503 502/554/502 533/583/533 534/585/534
f 490/557/490 489/555/489 520/584/520 521/586/521
f 504/558/504 503/556/503 534/585/534 535/587/535
f 491/559/491 490/557/490 521/586/521 522/588/522
f 505/527/505 504/558/504 535/587/535 536/589/536
f 492/529/492 491/559/491 522/588/522 523/590/523
f 506/528/506 505/527/505 536/589/536 537/591/537
f 493/530/493 492/529/492 523/590/523 524/592/524
f 507/531/507 506/528/506 537/591/537 538/560/538
f 494/532/494 493/530/493 524/592/524 525/562/525
f 514/568/514 513/565/513 544/593/544 545/594/545
f 541/569/541 540/566/540 571/595/571 572/596/572
f 528/570/528 527/567/527 558/597/558 559/598/559
f 515/571/515 514/568/514 545/594/545 546/599/546
f 542/572/542 541/569/541 572/596/572 573/600/573
f 529/573/529 528/570/528 559/598/559 560/601/560
f 516/574/516 515/571/515 546/599/546 547/602/547
f 543/575/543 542/572/542 573/600/573 574/603/574
f 530/576/530 529/573/529 560/601/560 561/604/561
f 517/577/517 516/574/516 547/602/547 548/605/548
f 16/606/16 543/575/543 574/603/574
f 531/579/531 530/576/530 561/604/561 562/607/562
f 518/580/518 517/577/517 548/605/548 549/608/549
f 532/581/532 531/579/531 562/607/562 563/609/563
f 519/582/519 518/580/518 549/608/549 550/610/550
f 533/583/533 532/581/532 563/609/563 564/611/564
f 520/584/520 519/582/519 550/610/550 551/612/551
f 534/585/534 533/583/533 564/611/564 565/613/565
f 521/586/521 520/584/520 551/612/551 552/614/552
f 535/587/535 534/585/534 565/613/565 566/615/566
f 522/588/522 521/586/521 552/614/552 553/616/553
f 536/589/536 535/587/535 566/615/566 567/617/567
f 523/590/523 522/588/522 553/616/553 554/618/554
f 537/591/537 536/589/536 567/617/567 568/619/568
f 524/592/524 523/590/523 554/618/554 555/620/555
f 538/560/538 537/591/537 568/619/568 569/621/569
f 525/562/525 524/592/524 555/620/555 556/622/556
f 539/561/539 538/560/538 569/621/569 570/623/570
f 526/563/526 525/562/525 556/622/556 557/624/557
f 513/565/513 1/625/1 544/593/544
f 540/566/540 539/561/539 570/623/570 571/595/571
f 527/567/527 526/563/526 557/624/557 558/597/558
f 547/602/547 546/599/546 577/626/577 578/627/578
f 574/603/574 573/600/573 604/628/604 605/629/605
f 561/604/561 560/601/560 591/630/591 592/631/592
f 548/605/548 547/602/547 578/627/578 579/632/579
f 16/633/16 574/603/574 605/629/605
f 562/607/562 561/604/561 592/631/592 593/634/593
f 549/608/549 548/605/548 579/632/579 580/635/580
f 563/609/563 562/607/562 593/634/593 594/636/594
f 550/610/550 549/608/549 580/635/580 581/637/581
f 564/611/564 563/609/563 594/636/594 595/638/595
f 551/612/551 550/610/550 581/637/581 582/639/582
f 565/613/565 564/611/564 595/638/595 596/640/596
f 552/614/552 551/612/551 582/639/582 583/641/583
f 566/615/566 565/613/565 596/640/596 597/642/597
f 553/616/553 552/614/552 583/641/583 584/643/584
f 567/617/567 566/615/566 597/642/597 598/644/598
f 554/618/554 553/616/553 584/643/584 585/645/585
f 568/619/568 567/617/567 598/644/598 599/646/599
f 555/620/555 554/618/554 585/645/585 586/647/586
f 569/621/569 568/619/568 599/646/599 600/648/600
f 556/622/556 555/620/555 586/647/586 587/649/587
f 570/623/570 569/621/569 600/648/600 601/650/601
f 557/624/557 556/622/556 587/649/587 588/651/588
f 544/593/544 1/652/1 575/653/575
f 571/595/571 570/623/570 601/650/601 602/654/602
f 558/597/558 557/624/557 588/651/588 589/655/589
f 545/594/545 544/593/544 575/653/575 576/656/576
f 572/596/572 571/595/571 602/654/602 603/657/603
f 559/598/559 558/597/558 589/655/589 590/658/590
f 546/599/546 545/594/545 576/656/576 577/626/577
f 573/600/573 572/596/572 603/657/603 604/628/604
f 560/601/560 559/598/559 590/658/590 591/630/591
f 580/635/580 579/632/579 610/659/610 611/660/611
f 594/636/594 593/634/593 624/661/624 625/662/625
f 581/637/581 580/635/580 611/660/611 612/663/612
f 595/638/595 594/636/594 625/662/625 626/664/626
f 582/639/582 581/637/581 612/663/612 613/665/613
f 596/640/596 595/638/595 626/664/626 627/666/627
f 583/641/583 582/639/582 613/665/613 614/667/614
f 597/642/597 596/640/596 627/666/627 628/668/628
f 584/643/584 583/641/583 614/667/614 615/669/615
f 598/644/598 597/642/597 628/668/628 629/670/629
f 585/645/585 584/643/584 615/669/615 616/671/616
f 599/646/599 598/644/598 629/670/629 630/672/630
f 586/647/586 585/645/585 616/671/616 617/673/617
f 600/648/600 599/646/599 630/672/630 631/674/631
f 587/649/587 586/647/586 617/673/617 618/675/618
f 601/650/601 600/648/600 631/674/631 632/676/632
f 588/651/588 587/649/587 618/675/618 619/677/619
f 575/653/575 1/678/1 606/679/606
f 602/654/602 601/650/601 632/676/632 633/680/633
f 589/655/589 588/651/588 619/677/619 620/681/620
f 576/656/576 575/653/575 606/679/606 607/682/607
f 603/657/603 602/654/602 633/680/633 634/683/634
f 590/658/590 589/655/589 620/681/620 621/684/621
f 577/626/577 576/656/576 607/682/607 608/685/608
f 604/628/604 603/657/603 634/683/634 635/686/635
f 591/630/591 590/658/590 621/684/621 622/687/622
f 578/627/578 577/626/577 608/685/608 609/688/609
f 605/629/605 604/628/604 635/686/635 636/689/636
f 592/631/592 591/630/591 622/687/622 623/690/623
f 579/632/579 578/627/578 609/688/609 610/659/610
f 16/691/16 605/629/605 636/689/636
f 593/634/593 592/631/592 623/690/623 624/661/624
f 613/665/613 612/663/612 643/692/643 644/693/644
f 627/666/627 626/664/626 657/694/657 658/695/658
f 614/667/614 613/665/613 644/693/644 645/696/645
f 628/668/628 627/666/627 658/695/658 659/697/659
f 615/669/615 614/667/614 645/696/645 646/698/646
f 629/670/629 628/668/628 659/697/659 660/699/660
f 616/671/616 615/669/615 646/698/646 647/700/647
f 630/672/630 629/670/629 660/699/660 661/701/661
f 617/673/617 616/671/616 647/700/647 648/702/648
f 631/674/631 630/672/630 661/701/661 662/703/662
f 618/675/618 617/673/617 648/702/648 649/704/649
f 632/676/632 631/674/631 662/703/662 663/705/663
f 619/677/619 618/675/618 649/704/649 650/706/650
f 606/679/606 1/707/1 637/708/637
f 633/680/633 632/676/632 663/705/663 664/709/664
f 620/681/620 619/677/619 650/706/650 651/710/651
f 607/682/607 606/679/606 637/708/637 638/711/638
f 634/683/634 633/680/633 664/709/664 665/712/665
f 621/684/621 620/681/620 651/710/651 652/713/652
f 608/685/608 607/682/607 638/711/638 639/714/639
f 635/686/635 634/683/634 665/712/665 666/715/666
f 622/687/622 621/684/621 652/713/652 653/716/653
f 609/688/609 608/685/608 639/714/639 640/717/640
f 636/689/636 635/686/635 666/715/666 667/718/667
f 623/690/623 622/687/622 653/716/653 654/719/654
f 610/659/610 609/688/609 640/717/640 641/720/641
f 16/721/16 636/689/636 667/718/667
f 624/661/624 623/690/623 654/719/654 655/722/655
f 611/660/611 610/659/610 641/720/641 642/723/642
f 625/662/625 624/661/624 655/722/655 656/724/656
f 612/663/612 611/660/611 642/723/642 643/692/643
f 626/664/626 625/662/625 656/724/656 657/694/657
f 646/698/646 645/696/645 676/725/676 677/726/677
f 660/699/660 659/697/659 690/727/690 691/728/691
f 647/700/647 646/698/646 677/726/677 678/729/678
f 661/701/661 660/699/660 691/728/691 692/730/692
f 648/702/648 647/700/647 678/729/678 679/731/679
f 662/703/662 661/701/661 692/730/692 693/732/693
f 649/704/649 648/702/648 679/731/679 680/733/680
f 663/705/663 662/703/662 693/732/693 694/734/694
f 650/706/650 649/704/649 680/733/680 681/735/681
f 637/708/637 1/736/1 668/737/668
f 664/709/664 663/705/663 694/734/694 695/738/695
f 651/710/651 650/706/650 681/735/681 682/739/682
f 638/711/638 637/708/637 668/737/668 669/740/669
f 665/712/665 664/709/664 695/738/695 696/741/696
f 652/713/652 651/710/651 682/739/682 683/742/683
f 639/714/639 638/711/638 669/740/669 670/743/670
f 666/715/666 665/712/665 696/741/696 697/744/697
f 653/716/653 652/713/652 683/742/683 684/745/684
f 640/717/640 639/714/639 670/743/670 671/746/671
f 667/718/667 666/715/666 697/744/697 698/747/698
f 654/719/654 653/716/653 684/745/684 685/748/685
f 641/720/641 640/717/640 671/746/671 672/749/672
f 16/750/16 667/718/667 698/747/698
f 655/722/655 654/719/654 685/748/685 686/751/686
f 642/723/642 641/720/641 672/749/672 673/752/673
f 656/724/656 655/722/655 686/751/686 687/753/687
f 643/692/643 642/723/642 673/752/673 674/754/674
f 657/694/657 656/724/656 687/753/687 688/755/688
f 644/693/644 643/692/643 674/754/674 675/756/675
f 658/695/658 657/694/657 688/755/688 689/757/689
f 645/696/645 644/693/644 675/756/675 676/725/676
f 659/697/659 658/695/658 689/757/689 690/727/690
f 679/731/679 678/729/678 709/758/709 710/759/710
f 693/732/693 692/730/692 723/760/723 724/761/724
f 680/733/680 679/731/679 710/759/710 711/762/711
f 694/734/694 693/732/693 724/761/724 725/763/725
f 681/735/681 680/733/680 711/762/711 712/764/712
f 668/737/668 1/765/1 699/766/699
f 695/738/695 694/734/694 725/763/725 726/767/726
f 682/739/682 681/735/681 712/764/712 713/768/713
f 669/740/669 668/737/668 699/766/699 700/769/700
f 696/741/696 695/738/695 726/767/726 727/770/727
f 683/742/683 682/739/682 713/768/713 714/771/714
f 670/743/670 669/740/669 700/769/700 701/772/701
f 697/744/697 696/741/696 727/770/727 728/773/728
f 684/745/684 683/742/683 714/771/714 715/774/715
f 671/746/671 670/743/670 701/772/701 702/775/702
f 698/747/698 697/744/697 728/773/728 729/776/729
f 685/748/685 684/745/684 715/774/715 716/777/716
f 672/749/672 671/746/671 702/775/702 703/778/703
f 16/779/16 698/747/698 729/776/729
f 686/751/686 685/748/685 716/777/716 717/780/717
f 673/752/673 672/749/672 703/778/703 704/781/704
f 687/753/687 686/751/686 717/780/717 718/782/718
f 674/754/674 673/752/673 704/781/704 705/783/705
f 688/755/688 687/753/687 718/782/718 719/784/719
f 675/756/675 674/754/674 705/783/705 706/785/706
f 689/757/689 688/755/688 719/784/719 720/786/720
f 676/725/676 675/756/675 706/785/706 707/787/707
f 690/727/690 689/757/689 720/786/720 721/788/721
f 677/726/677 676/725/676 707/787/707 708/789/708
f 691/728/691 690/727/690 721/788/721 722/790/722
f 678/729/678 677/726/677 708/789/708 709/758/709
f 692/730/692 691/728/691 722/790/722 723/760/723
f 712/764/712 711/762/711 742/791/742 743/792/743
f 699/766/699 1/793/1 730/794/730
f 726/767/726 725/763/725 756/795/756 757/796/757
f 713/768/713 712/764/712 743/792/743 744/797/744
f 700/769/700 699/766/699 730/794/730 731/798/731
f 727/770/727 726/767/726 757/796/757 758/799/758
f 714/771/714 713/768/713 744/797/744 745/800/745
f 701/772/701 700/769/700 731/798/731 732/801/732
f 728/773/728 727/770/727 758/799/758 759/802/759
f 715/774/715 714/771/714 745/800/745 746/803/746
f 702/775/702 701/772/701 732/801/732 733/804/733
f 729/776/729 728/773/728 759/802/759 760/805/760
f 716/777/716 715/774/715 746/803/746 747/806/747
f 703/778/703 702/775/702 733/804/733 734/807/734
f 16/808/16 729/776/729 760/805/760
f 717/780/717 716/777/716 747/806/747 748/809/748
f 704/781/704 703/778/703 734/807/734 735/810/735
f 718/782/718 717/780/717 748/809/748 749/811/749
f 705/783/705 704/781/704 735/810/735 736/812/736
f 719/784/719 718/782/718 749/811/749 750/813/750
f 706/785/706 705/783/705 736/812/736 737/814/737
f 720/786/720 719/784/719 750/813/750 751/815/751
f 707/787/707 706/785/706 737/814/737 738/816/738
f 721/788/721 720/786/720 751/815/751 752/817/752
f 708/789/708 707/787/707 738/816/738 739/818/739
f 722/790/722 721/788/721 752/817/752 753/819/753
f 709/758/709 708/789/708 739/818/739 740/820/740
f 723/760/723 722/790/722 753/819/753 754/821/754
f 710/759/710 709/758/709 740/820/740 741/822/741
f 724/761/724 723/760/723 754/821/754 755/823/755
f 711/762/711 710/759/710 741/822/741 742/791/742
f 725/763/725 724/761/724 755/823/755 756/795/756
f 745/800/745 744/797/744 775/824/775 776/825/776
f 732/801/732 731/798/731 762/826/762 763/827/763
f 759/802/759 758/799/758 789/828/789 790/829/790
f 746/803/746 745/800/745 776/825/776 777/830/777
f 733/804/733 732/801/732 763/827/763 764/831/764
f 760/805/760 759/802/759 790/829/790 791/832/791
f 747/806/747 746/803/746 777/830/777 778/833/778
f 734/807/734 733/804/733 764/831/764 765/834/765
f 16/835/16 760/805/760 791/832/791
f 748/809/748 747/806/747 778/833/778 779/836/779
f 735/810/735 734/807/734 765/834/765 766/837/766
f 749/811/749 748/809/748 779/836/779 780/838/780
f 736/812/736 735/810/735 766/837/766 767/839/767
f 750/813/750 749/811/749 780/838/780 781/840/781
f 737/814/737 736/812/736 767/839/767 768/841/768
f 751/815/751 750/813/750 781/840/781 782/842/782
f 738/816/738 737/814/737 768/841/768 769/843/769
f 752/817/752 751/815/751 782/842/782 783/844/783
f 739/818/739 738/816/738 769/843/769 770/845/770
f 753/819/753 752/817/752 783/844/783 784/846/784
f 740/820/740 739/818/739 770/845/770 771/847/771
f 754/821/754 753/819/753 784/846/784 785/848/785
f 741/822/741 740/820/740 771/847/771 772/849/772
f 755/823/755 754/821/754 785/848/785 786/850/786
f 742/791/742 741/822/741 772/849/772 773/851/773
f 756/795/756 755/823/755 786/850/786 787/852/787
f 743/792/743 742/791/742 773/851/773 774/853/774
f 730/794/730 1/854/1 761/855/761
f 757/796/757 756/795/756 787/852/787 788/856/788
f 744/797/744 743/792/743 774/853/774 775/824/775
f 731/798/731 730/794/730 761/855/761 762/826/762
f 758/799/758 757/796/757 788/856/788 789/828/789
f 778/833/778 777/830/777 808/857/808 809/858/809
f 765/834/765 764/831/764 795/859/795 796/860/796
f 16/861/16 791/832/791 822/862/822
f 779/836/779 778/833/778 809/858/809 810/863/810
f 766/837/766 765/834/765 796/860/796 797/864/797
f 780/838/780 779/836/779 810/863/810 811/865/811
f 767/839/767 766/837/766 797/864/797 798/866/798
f 781/840/781 780/838/780 811/865/811 812/867/812
f 768/841/768 767/839/767 798/866/798 799/868/799
f 782/842/782 781/840/781 812/867/812 813/869/813
f 769/843/769 768/841/768 799/868/799 800/870/800
f 783/844/783 782/842/782 813/869/813 814/871/814
f 770/845/770 769/843/769 800/870/800 801/872/801
f 784/846/784 783/844/783 814/871/814 815/873/815
f 771/847/771 770/845/770 801/872/801 802/874/802
f 785/848/785 784/846/784 815/873/815 816/875/816
f 772/849/772 771/847/771 802/874/802 803/876/803
f 786/850/786 785/848/785 816/875/816 817/877/817
f 773/851/773 772/849/772 803/876/803 804/878/804
f 787/852/787 786/850/786 817/877/817 818/879/818
f 774/853/774 773/851/773 804/878/804 805/880/805
f 761/855/761 1/881/1 792/882/792
f 788/856/788 787/852/787 818/879/818 819/883/819
f 775/824/775 774/853/774 805/880/805 806/884/806
f 762/826/762 761/855/761 792/882/792 793/885/793
f 789/828/789 788/856/788 819/883/819 820/886/820
f 776/825/776 775/824/775 806/884/806 807/887/807
f 763/827/763 762/826/762 793/885/793 794/888/794
f 790/829/790 789/828/789 820/886/820 821/889/821
f 777/830/777 776/825/776 807/887/807 808/857/808
f 764/831/764 763/827/763 794/888/794 795/859/795
f 791/832/791 790/829/790 821/889/821 822/862/822
f 792/882/792 1/890/1 823/891/823
f 819/883/819 818/879/818 849/892/849 850/893/850
f 806/884/806 805/880/805 836/894/836 837/895/837
f 793/885/793 792/882/792 823/891/823 824/896/824
f 820/886/820 819/883/819 850/893/850 851/897/851
f 807/887/807 806/884/806 837/895/837 838/898/838
f 794/888/794 793/885/793 824/896/824 825/899/825
f 821/889/821 820/886/820 851/897/851 852/900/852
f 808/857/808 807/887/807 838/898/838 839/901/839
f 795/859/795 794/888/794 825/899/825 826/902/826
f 822/862/822 821/889/821 852/900/852 853/903/853
f 809/858/809 808/857/808 839/901/839 840/904/840
f 796/860/796 795/859/795 826/902/826 827/905/827
f 16/906/16 822/862/822 853/903/853
f 810/863/810 809/858/809 840/904/840 841/907/841
f 797/864/797 796/860/796 827/905/827 828/908/828
f 811/865/811 810/863/810 841/907/841 842/909/842
f 798/866/798 797/864/797 828/908/828 829/910/829
f 812/867/812 811/865/811 842/909/842 843/911/843
f 799/868/799 798/866/798 829/910/829 830/912/830
f 813/869/813 812/867/812 843/911/843 844/913/844
f 800/870/800 799/868/799 830/912/830 831/914/831
f 814/871/814 813/869/813 844/913/844 845/915/845
f 801/872/801 800/870/800 831/914/831 832/916/832
f 815/873/815 814/871/814 845/915/845 846/917/846
f 802/874/802 801/872/801 832/916/832 833/918/833
f 816/875/816 815/873/815 846/917/846 847/919/847
f 803/876/803 802/874/802 833/918/833 834/920/834
f 817/877/817 816/875/816 847/919/847 848/921/848
f 804/878/804 803/876/803 834/920/834 835/922/835
f 818/879/818 817/877/817 848/921/848 849/892/849
f 805/880/805 804/878/804 835/922/835 836/894/836
f 825/899/825 824/896/824 855/923/855 856/924/856
f 852/900/852 851/897/851 882/925/882 883/926/883
f 839/901/839 838/898/838 869/927/869 870/928/870
f 826/902/826 825/899/825 856/924/856 857/929/857
f 853/903/853 852/900/852 883/926/883 884/930/884
f 840/904/840 839/901/839 870/928/870 871/931/871
f 827/905/827 826/902/826 857/929/857 858/932/858
f 16/933/16 853/903/853 884/930/884
f 841/907/841 840/904/840 871/931/871 872/934/872
f 828/908/828 827/905/827 858/932/858 859/935/859
f 842/909/842 841/907/841 872/934/872 873/936/873
f 829/910/829 828/908/828 859/935/859 860/937/860
f 843/911/843 842/909/842 873/936/873 874/938/874
f 830/912/830 829/910/829 860/937/860 861/939/861
f 844/913/844 843/911/843 874/938/874 875/940/875
f 831/914/831 830/912/830 861/939/861 862/941/862
f 845/915/845 844/913/844 875/940/875 876/942/876
f 832/916/832 831/914/831 862/941/862 863/943/863
f 846/917/846 845/915/845 876/942/876 877/944/877
f 833/918/833 832/916/832 863/943/863 864/945/864
f 847/919/847 846/917/846 877/944/877 878/946/878
f 834/920/834 833/918/833 864/945/864 865/947/865
f 848/921/848 847/919/847 878/946/878 879/948/879
f 835/922/835 834/920/834 865/947/865 866/949/866
f 849/892/849 848/921/848 879/948/879 880/950/880
f 836/894/836 835/922/835 866/949/866 867/951/867
f 823/891/823 1/952/1 854/953/854
f 850/893/850 849/892/849 880/950/880 881/954/881
f 837/895/837 836/894/836 867/951/867 868/955/868
f 824/896/824 823/891/823 854/953/854 855/923/855
f 851/897/851 850/893/850 881/954/881 882/925/882
f 838/898/838 837/895/837 868/955/868 869/927/869
f 858/932/858 857/929/857 888/956/888 889/957/889
f 16/958/16 884/930/884 915/959/915
f 872/934/872 871/931/871 902/960/902 903/961/903
f 859/935/859 858/932/858 889/957/889 890/962/890
f 873/936/873 872/934/872 903/961/903 904/963/904
f 860/937/860 859/935/859 890/962/890 891/964/891
f 874/938/874 873/936/873 904/963/904 905/965/905
f 861/939/861 860/937/860 891/964/891 892/966/892
f 875/940/875 874/938/874 905/965/905 906/967/906
f 862/941/862 861/939/861 892/966/892 893/968/893
f 876/942/876 875/940/875 906/967/906 907/969/907
f 863/943/863 862/941/862 893/968/893 894/970/894
f 877/944/877 876/942/876 907/969/907 908/971/908
f 864/945/864 863/943/863 894/970/894 895/972/895
f 878/946/878 877/944/877 908/971/908 909/973/909
f 865/947/865 864/945/864 895/972/895 896/974/896
f 879/948/879 878/946/878 909/973/909 910/975/910
f 866/949/866 865/947/865 896/974/896 897/976/897
f 880/950/880 879/948/879 910/975/910 911/977/911
f 867/951/867 866/949/866 897/976/897 898/978/898
f 854/953/854 1/979/1 885/980/885
f 881/954/881 880/950/880 911/977/911 912/981/912
f 868/955/868 867/951/867 898/978/898 899/982/899
f 855/923/855 854/953/854 885/980/885 886/983/886
f 882/925/882 881/954/881 912/981/912 913/984/913
f 869/927/869 868/955/868 899/982/899 900/985/900
f 856/924/856 855/923/855 886/983/886 887/986/887
f 883/926/883 882/925/882 913/984/913 914/987/914
f 870/928/870 869/927/869 900/985/900 901/988/901
f 857/929/857 856/924/856 887/986/887 888/956/888
f 884/930/884 883/926/883 914/987/914 915/959/915
f 871/931/871 870/928/870 901/988/901 902/960/902
f 891/964/891 890/962/890 921/989/921 922/990/922
f 905/965/905 904/963/904 935/991/935 936/992/936
f 892/966/892 891/964/891 922/990/922 923/993/923
f 906/967/906 905/965/905 936/992/936 937/994/937
f 893/968/893 892/966/892 923/993/923 924/995/924
f 907/969/907 906/967/906 937/994/937 938/996/938
f 894/970/894 893/968/893 924/995/924 925/997/925
f 908/971/908 907/969/907 938/996/938 939/998/939
f 895/972/895 894/970/894 925/997/925 926/999/926
f 909/973/909 908/971/908 939/998/939 940/1000/940
f 896/974/896 895/972/895 926/999/926 927/1001/927
f 910/975/910 909/973/909 940/1000/940 941/1002/941
f 897/976/897 896/974/896 927/1001/927 928/1003/928
f 911/977/911 910/975/910 941/1002/941 942/1004/942
f 898/978/898 897/976/897 928/1003/928 929/1005/929
f 885/980/885 1/1006/1 916/1007/916
f 912/981/912 911/977/911 942/1004/942 943/1008/943
f 899/982/899 898/978/898 929/1005/929 930/1009/930
f 886/983/886 885/980/885 916/1007/916 917/1010/917
f 913/984/913 912/981/912 943/1008/943 944/1011/944
f 900/985/900 899/982/899 930/1009/930 931/1012/931
f 887/986/887 886/983/886 917/1010/917 918/1013/918
f 914/987/914 913/984/913 944/1011/944 945/1014/945
f 901/988/901 900/985/900 931/1012/931 932/1015/932
f 888/956/888 887/986/887 918/1013/918 919/1016/919
f 915/959/915 914/987/914 945/1014/945 946/1017/946
f 902/960/902 901/988/901 932/1015/932 933/1018/933
f 889/957/889 888/956/888 919/1016/919 920/1019/920
f 16/1020/16 915/959/915 946/1017/946
f 903/961/903 902/960/902 933/1018/933 934/1021/934
f 890/962/890 889/957/889 920/1019/920 921/989/921
f 904/963/904 903/961/903 934/1021/934 935/991/935
f 924/995/924 923/993/923 954/1022/954 955/1023/955
f 938/996/938 937/994/937 968/1024/968 969/1025/969
f 925/997/925 924/995/924 955/1023/955 956/1026/956
f 939/998/939 938/996/938 969/1025/969 970/1027/970
f 926/999/926 925/997/925 956/1026/956 957/1028/957
f 940/1000/940 939/998/939 970/1027/970 971/1029/971
f 927/1001/927 926/999/926 957/1028/957 958/1030/958
f 941/1002/941 940/1000/940 971/1029/971 972/1031/972
f 928/1003/928 927/1001/927 958/1030/958 959/1032/959
f 942/1004/942 941/1002/941 972/1031/972 973/1033/973
f 929/1005/929 928/1003/928 959/1032/959 960/1034/960
f 916/1007/916 1/1035/1 947/1036/947
f 943/1008/943 942/1004/942 973/1033/973 974/1037/974
f 930/1009/930 929/1005/929 960/1034/960 961/1038/961
f 917/1010/917 916/1007/916 947/1036/947 948/1039/948
f 944/1011/944 943/1008/943 974/1037/974 975/1040/975
f 931/1012/931 930/1009/930 961/1038/961 962/1041/962
f 918/1013/918 917/1010/917 948/1039/948 949/1042/949
f 945/1014/945 944/1011/944 975/1040/975 976/1043/976
f 932/1015/932 931/1012/931 962/1041/962 963/1044/963
f 919/1016/919 918/1013/918 949/1042/949 950/1045/950
f 946/1017/946 945/1014/945 976/1043/976 977/1046/977
f 933/1018/933 932/1015/932 963/1044/963 964/1047/964
f 920/1019/920 919/1016/919 950/1045/950 951/1048/951
f 16/1049/16 946/1017/946 977/1046/977
f 934/1021/934 933/1018/933 964/1047/964 965/1050/965
f 921/989/921 920/1019/920 951/1048/951 952/1051/952
f 935/991/935 934/1021/934 965/1050/965 966/1052/966
f 922/990/922 921/989/921 952/1051/952 953/1053/953
f 936/992/936 935/991/935 966/1052/966 967/1054/967
f 923/993/923 922/990/922 953/1053/953 954/1022/954
f 937/994/937 936/992/936 967/1054/967 968/1024/968
f 957/1028/957 956/1026/956 987/1055/987 988/1056/988
f 971/1029/971 970/1027/970 1001/1057/1001 1002/1058/1002
f 958/1030/958 957/1028/957 988/1056/988 989/1059/989
f 972/1031/972 971/1029/971 1002/1058/1002 1003/1060/1003
f 959/1032/959 958/1030/958 989/1059/989 990/1061/990
f 973/1033/973 972/1031/972 1003/1060/1003 1004/1062/1004
f 960/1034/960 959/1032/959 990/1061/990 991/1063/991
f 947/1036/947 1/1064/1 978/1065/978
f 974/1037/974 973/1033/973 1004/1062/1004 1005/1066/1005
f 961/1038/961 960/1034/960 991/1063/991 992/1067/992
f 948/1039/948 947/1036/947 978/1065/978 979/1068/979
f 975/1040/975 974/1037/974 1005/1066/1005 1006/1069/1006
f 962/1041/962 961/1038/961 992/1067/992 993/1070/993
f 949/1042/949 948/1039/948 979/1068/979 980/1071/980
f 976/1043/976 975/1040/975 1006/1069/1006 1007/1072/1007
f 963/1044/963 962/1041/962 993/1070/993 994/1073/994
f 950/1045/950 949/1042/949 980/1071/980 981/1074/981
f 977/1046/977 976/1043/976 1007/1072/1007 1008/1075/1008
f 964/1047/964 963/1044/963 994/1073/994 995/1076/995
f 951/1048/951 950/1045/950 981/1074/981 982/1077/982
f 16/1078/16 977/1046/977 1008/1075/1008
f 965/1050/965 964/1047/964 995/1076/995 996/1079/996
f 952/1051/952 951/1048/951 982/1077/982 983/1080/983
f 966/1052/966 965/1050/965 996/1079/996 997/1081/997
f 953/1053/953 952/1051/952 983/1080/983 984/1082/984
f 967/1054/967 966/1052/966 997/1081/997 998/1083/998
f 954/1022/954 953/1053/953 984/1082/984 985/1084/985
f 968/1024/968 967/1054/967 998/1083/998 999/1085/999
f 955/1023/955 954/1022/954 985/1084/985 986/1086/986
f 969/1025/969 968/1024/968 999/1085/999 1000/1087/1000
f 956/1026/956 955/1023/955 986/1086/986 987/1055/987
f 970/1027/970 969/1025/969 1000/1087/1000 1001/1057/1001
f 990/1061/990 989/1059/989 1020/1088/1020 1021/1089/1021
f 1004/1062/1004 1003/1060/1003 1034/1090/1034 1035/1091/1035
f 991/1063/991 990/1061/990 1021/1089/1021 1022/1092/1022
f 978/1065/978 1/1093/1 1009/1094/1009
f 1005/1066/1005 1004/1062/1004 1035/1091/1035 1036/1095/1036
f 992/1067/992 991/1063/991 1022/1092/1022 1023/1096/1023
f 979/1068/979 978/1065/978 1009/1094/1009 1010/1097/1010
f 1006/1069/1006 1005/1066/1005 1036/1095/1036 1037/1098/1037
f 993/1070/993 992/1067/992 1023/1096/1023 1024/1099/1024
f 980/1071/980 979/1068/979 1010/1097/1010 1011/1100/1011
f 1007/1072/1007 1006/1069/1006 1037/1098/1037 1038/1101/1038
f 994/1073/994 993/1070/993 1024/1099/1024 1025/1102/1025
f 981/1074/981 980/1071/980 1011/1100/1011 1012/1103/1012
f 1008/1075/1008 1007/1072/1007 1038/1101/1038 1039/1104/1039
f 995/1076/995 994/1073/994 1025/1102/1025 1026/1105/1026
f 982/1077/982 981/1074/981 1012/1103/1012 1013/1106/1013
f 16/1107/16 1008/1075/1008 1039/1104/1039
f 996/1079/996 995/1076/995 1026/1105/1026 1027/1108/1027
f 983/1080/983 982/1077/982 1013/1106/1013 1014/1109/1014
f 997/1081/997 996/1079/996 1027/1108/1027 1028/1110/1028
f 984/1082/984 983/1080/983 1014/1109/1014 1015/1111/1015
f 998/1083/998 997/1081/997 1028/1110/1028 1029/1112/1029
f 985/1084/985 984/1082/984 1015/1111/1015 1016/1113/1016
f 999/1085/999 998/1083/998 1029/1112/1029 1030/1114/1030
f 986/1086/986 985/1084/985 1016/1113/1016 1017/1115/1017
f 1000/1087/1000 999/1085/999 1030/1114/1030 1031/1116/1031
f 987/1055/987 986/1086/986 1017/1115/1017 1018/1117/1018
f 1001/1057/1001 1000/1087/1000 1031/1116/1031 1032/1118/1032
f 988/1056/988 987/1055/987 1018/1117/1018 1019/1119/1019
f 1002/1058/1002 1001/1057/1001 1032/1118/1032 1033/1120/1033
f 989/1059/989 988/1056/988 1019/1119/1019 1020/1088/1020
f 1003/1060/1003 1002/1058/1002 1033/1120/1033 1034/1090/1034
f 1023/1096/1023 1022/1092/1022 1053/1121/1053 1054/1122/1054
f 1010/1097/1010 1009/1094/1009 1040/1123/1040 1041/1124/1041
f 1037/1098/1037 1036/1095/1036 1067/1125/1067 1068/1126/1068
f 1024/1099/1024 1023/1096/1023 1054/1122/1054 1055/1127/1055
f 1011/1100/1011 1010/1097/1010 1041/1124/1041 1042/1128/1042
f 1038/1101/1038 1037/1098/1037 1068/1126/1068 1069/1129/1069
f 1025/1102/1025 1024/1099/1024 1055/1127/1055 1056/1130/1056
f 1012/1103/1012 1011/1100/1011 1042/1128/1042 1043/1131/1043
f 1039/1104/1039 1038/1101/1038 1069/1129/1069 1070/1132/1070
f 1026/1105/1026 1025/1102/1025 1056/1130/1056 1057/1133/1057
f 1013/1106/1013 1012/1103/1012 1043/1131/1043 1044/1134/1044
f 16/1135/16 1039/1104/1039 1070/1132/1070
f 1027/1108/1027 1026/1105/1026 1057/1133/1057 1058/1136/1058
f 1014/1109/1014 1013/1106/1013 1044/1134/1044 1045/1137/1045
f 1028/1110/1028 1027/1108/1027 1058/1136/1058 1059/1138/1059
f 1015/1111/1015 1014/1109/1014 1045/1137/1045 1046/1139/1046
f 1029/1112/1029 1028/1110/1028 1059/1138/1059 1060/1140/1060
f 1016/1113/1016 1015/1111/1015 1046/1139/1046 1047/1141/1047
f 1030/1114/1030 1029/1112/1029 1060/1140/1060 1061/1142/1061
f 1017/1115/1017 1016/1113/1016 1047/1141/1047 1048/1143/1048
f 1031/1116/1031 1030/1114/1030 1061/1142/1061 1062/1144/1062
f 1018/1117/1018 1017/1115/1017 1048/1143/1048 1049/1145/1049
f 1032/1118/1032 1031/1116/1031 1062/1144/1062 1063/1146/1063
f 1019/1119/1019 1018/1117/1018 1049/1145/1049 1050/1147/1050
f 1033/1120/1033 1032/1118/1032 1063/1146/1063 1064/1148/1064
f 1020/1088/1020 1019/1119/1019 1050/1147/1050 1051/1149/1051
f 1034/1090/1034 1033/1120/1033 1064/1148/1064 1065/1150/1065
f 1021/1089/1021 1020/1088/1020 1051/1149/1051 1052/1151/1052
f 1035/1091/1035 1034/1090/1034 1065/1150/1065 1066/1152/1066
f 1022/1092/1022 1021/1089/1021 1052/1151/1052 1053/1121/1053
f 1009/1094/1009 1/1153/1 1040/1123/1040
f 1036/1095/1036 1035/1091/1035 1066/1152/1066 1067/1125/1067
f 1056/1130/1056 1055/1127/1055 1086/1154/1086 1087/1155/1087
f 1043/1131/1043 1042/1128/1042 1073/1156/1073 1074/1157/1074
f 1070/1132/1070 1069/1129/1069 1100/1158/1100 1101/1159/1101
f 1057/1133/1057 1056/1130/1056 1087/1155/1087 1088/1160/1088
f 1044/1134/1044 1043/1131/1043 1074/1157/1074 1075/1161/1075
f 16/1162/16 1070/1132/1070 1101/1159/1101
f 1058/1136/1058 1057/1133/1057 1088/1160/1088 1089/1163/1089
f 1045/1137/1045 1044/1134/1044 1075/1161/1075 1076/1164/1076
f 1059/1138/1059 1058/1136/1058 1089/1163/1089 1090/1165/1090
f 1046/1139/1046 1045/1137/1045 1076/1164/1076 1077/1166/1077
f 1060/1140/1060 1059/1138/1059 1090/1165/1090 1091/1167/1091
f 1047/1141/1047 1046/1139/1046 1077/1166/1077 1078/1168/1078
f 1061/1142/1061 1060/1140/1060 1091/1167/1091 1092/1169/1092
f 1048/1143/1048 1047/1141/1047 1078/1168/1078 1079/1170/1079
f 1062/1144/1062 1061/1142/1061 1092/1169/1092 1093/1171/1093
f 1049/1145/1049 1048/1143/1048 1079/1170/1079 1080/1172/1080
f 1063/1146/1063 1062/1144/1062 1093/1171/1093 1094/1173/1094
f 1050/1147/1050 1049/1145/1049 1080/1172/1080 1081/1174/1081
f 1064/1148/1064 1063/1146/1063 1094/1173/1094 1095/1175/1095
f 1051/1149/1051 1050/1147/1050 1081/1174/1081 1082/1176/1082
f 1065/1150/1065 1064/1148/1064 1095/1175/1095 1096/1177/1096
f 1052/1151/1052 1051/1149/1051 1082/1176/1082 1083/1178/1083
f 1066/1152/1066 1065/1150/1065 1096/1177/1096 1097/1179/1097
f 1053/1121/1053 1052/1151/1052 1083/1178/1083 1084/1180/1084
f 1040/1123/1040 1/1181/1 1071/1182/1071
f 1067/1125/1067 1066/1152/1066 1097/1179/1097 1098/1183/1098
f 1054/1122/1054 1053/1121/1053 1084/1180/1084 1085/1184/1085
f 1041/1124/1041 1040/1123/1040 1071/1182/1071 1072/1185/1072
f 1068/1126/1068 1067/1125/1067 1098/1183/1098 1099/1186/1099
f 1055/1127/1055 1054/1122/1054 1085/1184/1085 1086/1154/1086
f 1042/1128/1042 1041/1124/1041 1072/1185/1072 1073/1156/1073
f 1069/1129/1069 1068/1126/1068 1099/1186/1099 1100/1158/1100
f 1089/1163/1089 1088/1160/1088 1119/1187/1119 1120/1188/1120
f 1076/1164/1076 1075/1161/1075 1106/1189/1106 1107/1190/1107
f 1090/1165/1090 1089/1163/1089 1120/1188/1120 1121/1191/1121
f 1077/1166/1077 1076/1164/1076 1107/1190/1107 1108/1192/1108
f 1091/1167/1091 1090/1165/1090 1121/1191/1121 1122/1193/1122
f 1078/1168/1078 1077/1166/1077 1108/1192/1108 1109/1194/1109
f 1092/1169/1092 1091/1167/1091 1122/1193/1122 1123/1195/1123
f 1079/1170/1079 1078/1168/1078 1109/1194/1109 1110/1196/1110
f 1093/1171/1093 1092/1169/1092 1123/1195/1123 1124/1197/1124
f 1080/1172/1080 1079/1170/1079 1110/1196/1110 1111/1198/1111
f 1094/1173/1094 1093/1171/1093 1124/1197/1124 1125/1199/1125
f 1081/1174/1081 1080/1172/1080 1111/1198/1111 1112/1200/1112
f 1095/1175/1095 1094/1173/1094 1125/1199/1125 1126/1201/1126
f 1082/1176/1082 1081/1174/1081 1112/1200/1112 1113/1202/1113
f 1096/1177/1096 1095/1175/1095 1126/1201/1126 1127/1203/1127
f 1083/1178/1083 1082/1176/1082 1113/1202/1113 1114/1204/1114
f 1097/1179/1097 1096/1177/1096 1127/1203/1127 1128/1205/1128
f 1084/1180/1084 1083/1178/1083 1114/1204/1114 1115/1206/1115
f 1071/1182/1071 1/1207/1 1102/1208/1102
f 1098/1183/1098 1097/1179/1097 1128/1205/1128 1129/1209/1129
f 1085/1184/1085 1084/1180/1084 1115/1206/1115 1116/1210/1116
f 1072/1185/1072 1071/1182/1071 1102/1208/1102 1103/1211/1103
f 1099/1186/1099 1098/1183/1098 1129/1209/1129 1130/1212/1130
f 1086/1154/1086 1085/1184/1085 1116/1210/1116 1117/1213/1117
f 1073/1156/1073 1072/1185/1072 1103/1211/1103 1104/1214/1104
f 1100/1158/1100 1099/1186/1099 1130/1212/1130 1131/1215/1131
f 1087/1155/1087 1086/1154/1086 1117/1213/1117 1118/1216/1118
f 1074/1157/1074 1073/1156/1073 1104/1214/1104 1105/1217/1105
f 1101/1159/1101 1100/1158/1100 1131/1215/1131 1132/1218/1132
f 1088/1160/1088 1087/1155/1087 1118/1216/1118 1119/1187/1119
f 1075/1161/1075 1074/1157/1074 1105/1217/1105 1106/1189/1106
f 16/1219/16 1101/1159/1101 1132/1218/1132
f 1122/1193/1122 1121/1191/1121 1152/1220/1152 1153/1221/1153
f 1109/1194/1109 1108/1192/1108 1139/1222/1139 1140/1223/1140
f 1123/1195/1123 1122/1193/1122 1153/1221/1153 1154/1224/1154
f 1110/1196/1110 1109/1194/1109 1140/1223/1140 1141/1225/1141
f 1124/1197/1124 1123/1195/1123 1154/1224/1154 1155/1226/1155
f 1111/1198/1111 1110/1196/1110 1141/1225/1141 1142/1227/1142
f 1125/1199/1125 1124/1197/1124 1155/1226/1155 1156/1228/1156
f 1112/1200/1112 1111/1198/1111 1142/1227/1142 1143/1229/1143
f 1126/1201/1126 1125/1199/1125 1156/1228/1156 1157/1230/1157
f 1113/1202/1113 1112/1200/1112 1143/1229/1143 1144/1231/1144
f 1127/1203/1127 1126/1201/1126 1157/1230/1157 1158/1232/1158
f 1114/1204/1114 1113/1202/1113 1144/1231/1144 1145/1233/1145
f 1128/1205/1128 1127/1203/1127 1158/1232/1158 1159/1234/1159
f 1115/1206/1115 1114/1204/1114 1145/1233/1145 1146/1235/1146
f 1102/1208/1102 1/1236/1 1133/1237/1133
f 1129/1209/1129 1128/1205/1128 1159/1234/1159 1160/1238/1160
f 1116/1210/1116 1115/1206/1115 1146/1235/1146 1147/1239/1147
f 1103/1211/1103 1102/1208/1102 1133/1237/1133 1134/1240/1134
f 1130/1212/1130 1129/1209/1129 1160/1238/1160 1161/1241/1161
f 1117/1213/1117 1116/1210/1116 1147/1239/1147 1148/1242/1148
f 1104/1214/1104 1103/1211/1103 1134/1240/1134 1135/1243/1135
f 1131/1215/1131 1130/1212/1130 1161/1241/1161 1162/1244/1162
f 1118/1216/1118 1117/1213/1117 1148/1242/1148 1149/1245/1149
f 1105/1217/1105 1104/1214/1104 1135/1243/1135 1136/1246/1136
f 1132/1218/1132 1131/1215/1131 1162/1244/1162 1163/1247/1163
f 1119/1187/1119 1118/1216/1118 1149/1245/1149 1150/1248/1150
f 1106/1189/1106 1105/1217/1105 1136/1246/1136 1137/1249/1137
f 16/1250/16 1132/1218/1132 1163/1247/1163
f 1120/1188/1120 1119/1187/1119 1150/1248/1150 1151/1251/1151
f 1107/1190/1107 1106/1189/1106 1137/1249/1137 1138/1252/1138
f 1121/1191/1121 1120/1188/1120 1151/1251/1151 1152/1220/1152
f 1108/1192/1108 1107/1190/1107 1138/1252/1138 1139/1222/1139
f 1155/1226/1155 1154/1224/1154 1185/1253/1185 1186/1254/1186
f 1142/1227/1142 1141/1225/1141 1172/1255/1172 1173/1256/1173
f 1156/1228/1156 1155/1226/1155 1186/1254/1186 1187/1257/1187
f 1143/1229/1143 1142/1227/1142 1173/1256/1173 1174/1258/1174
f 1157/1230/1157 1156/1228/1156 1187/1257/1187 1188/1259/1188
f 1144/1231/1144 1143/1229/1143 1174/1258/1174 1175/1260/1175
f 1158/1232/1158 1157/1230/1157 1188/1259/1188 1189/1261/1189
f 1145/1233/1145 1144/1231/1144 1175/1260/1175 1176/1262/1176
f 1159/1234/1159 1158/1232/1158 1189/1261/1189 1190/1263/1190
f 1146/1235/1146 1145/1233/1145 1176/1262/1176 1177/1264/1177
f 1133/1237/1133 1/1265/1 1164/1266/1164
f 1160/1238/1160 1159/1234/1159 1190/1263/1190 1191/1267/1191
f 1147/1239/1147 1146/1235/1146 1177/1264/1177 1178/1268/1178
f 1134/1240/1134 1133/1237/1133 1164/1266/1164 1165/1269/1165
f 1161/1241/1161 1160/1238/1160 1191/1267/1191 1192/1270/1192
f 1148/1242/1148 1147/1239/1147 1178/1268/1178 1179/1271/1179
f 1135/1243/1135 1134/1240/1134 1165/1269/1165 1166/1272/1166
f 1162/1244/1162 1161/1241/1161 1192/1270/1192 1193/1273/1193
f 1149/1245/1149 1148/1242/1148 1179/1271/1179 1180/1274/1180
f 1136/1246/1136 1135/1243/1135 1166/1272/1166 1167/1275/1167
f 1163/1247/1163 1162/1244/1162 1193/1273/1193 1194/1276/1194
f 1150/1248/1150 1149/1245/1149 1180/1274/1180 1181/1277/1181
f 1137/1249/1137 1136/1246/1136 1167/1275/1167 1168/1278/1168
f 16/1279/16 1163/1247/1163 1194/1276/1194
f 1151/1251/1151 1150/1248/1150 1181/1277/1181 1182/1280/1182
f 1138/1252/1138 1137/1249/1137 1168/1278/1168 1169/1281/1169
f 1152/1220/1152 1151/1251/1151 1182/1280/1182 1183/1282/1183
f 1139/1222/1139 1138/1252/1138 1169/1281/1169 1170/1283/1170
f 1153/1221/1153 1152/1220/1152 1183/1282/1183 1184/1284/1184
f 1140/1223/1140 1139/1222/1139 1170/1283/1170 1171/1285/1171
f 1154/1224/1154 1153/1221/1153 1184/1284/1184 1185/1253/1185
f 1141/1225/1141 1140/1223/1140 1171/1285/1171 1172/1255/1172
f 1188/1259/1188 1187/1257/1187 1218/1286/1218 1219/1287/1219
f 1175/1260/1175 1174/1258/1174 1205/1288/1205 1206/1289/1206
f 1189/1261/1189 1188/1259/1188 1219/1287/1219 1220/1290/1220
f 1176/1262/1176 1175/1260/1175 1206/1289/1206 1207/1291/1207
f 1190/1263/1190 1189/1261/1189 1220/1290/1220 1221/1292/1221
f 1177/1264/1177 1176/1262/1176 1207/1291/1207 1208/1293/1208
f 1164/1266/1164 1/1294/1 1195/1295/1195
f 1191/1267/1191 1190/1263/1190 1221/1292/1221 1222/1296/1222
f 1178/1268/1178 1177/1264/1177 1208/1293/1208 1209/1297/1209
f 1165/1269/1165 1164/1266/1164 1195/1295/1195 1196/1298/1196
f 1192/1270/1192 1191/1267/1191 1222/1296/1222 1223/1299/1223
f 1179/1271/1179 1178/1268/1178 1209/1297/1209 1210/1300/1210
f 1166/1272/1166 1165/1269/1165 1196/1298/1196 1197/1301/1197
f 1193/1273/1193 1192/1270/1192 1223/1299/1223 1224/1302/1224
f 1180/1274/1180 1179/1271/1179 1210/1300/1210 1211/1303/1211
f 1167/1275/1167 1166/1272/1166 1197/1301/1197 1198/1304/1198
f 1194/1276/1194 1193/1273/1193 1224/1302/1224 1225/1305/1225
f 1181/1277/1181 1180/1274/1180 1211/1303/1211 1212/1306/1212
f 1168/1278/1168 1167/1275/1167 1198/1304/1198 1199/1307/1199
f 16/1308/16 1194/1276/1194 1225/1305/1225
f 1182/1280/1182 1181/1277/1181 1212/1306/1212 1213/1309/1213
f 1169/1281/1169 1168/1278/1168 1199/1307/1199 1200/1310/1200
f 1183/1282/1183 1182/1280/1182 1213/1309/1213 1214/1311/1214
f 1170/1283/1170 1169/1281/1169 1200/1310/1200 1201/1312/1201
f 1184/1284/1184 1183/1282/1183 1214/1311/1214 1215/1313/1215
f 1171/1285/1171 1170/1283/1170 1201/1312/1201 1202/1314/1202
f 1185/1253/1185 1184/1284/1184 1215/1313/1215 1216/1315/1216
f 1172/1255/1172 1171/1285/1171 1202/1314/1202 1203/1316/1203
f 1186/1254/1186 1185/1253/1185 1216/1315/1216 1217/1317/1217
f 1173/1256/1173 1172/1255/1172 1203/1316/1203 1204/1318/1204
f 1187/1257/1187 1186/1254/1186 1217/1317/1217 1218/1286/1218
f 1174/1258/1174 1173/1256/1173 1204/1318/1204 1205/1288/1205
f 1221/1292/1221 1220/1290/1220 1251/1319/1251 1252/1320/1252
f 1208/1293/1208 1207/1291/1207 1238/1321/1238 1239/1322/1239
f 1195/1295/1195 1/1323/1 1226/1324/1226
f 1222/1296/1222 1221/1292/1221 1252/1320/1252 1253/1325/1253
f 1209/1297/1209 1208/1293/1208 1239/1322/1239 1240/1326/1240
f 1196/1298/1196 1195/1295/1195 1226/1324/1226 1227/1327/1227
f 1223/1299/1223 1222/1296/1222 1253/1325/1253 1254/1328/1254
f 1210/1300/1210 1209/1297/1209 1240/1326/1240 1241/1329/1241
f 1197/1301/1197 1196/1298/1196 1227/1327/1227 1228/1330/1228
f 1224/1302/1224 1223/1299/1223 1254/1328/1254 1255/1331/1255
f 1211/1303/1211 1210/1300/1210 1241/1329/1241 1242/1332/1242
f 1198/1304/1198 1197/1301/1197 1228/1330/1228 1229/1333/1229
f 1225/1305/1225 1224/1302/1224 1255/1331/1255 1256/1334/1256
f 1212/1306/1212 1211/1303/1211 1242/1332/1242 1243/1335/1243
f 1199/1307/1199 1198/1304/1198 1229/1333/1229 1230/1336/1230
f 16/1337/16 1225/1305/1225 1256/1334/1256
f 1213/1309/1213 1212/1306/1212 1243/1335/1243 1244/1338/1244
f 1200/1310/1200 1199/1307/1199 1230/1336/1230 1231/1339/1231
f 1214/1311/1214 1213/1309/1213 1244/1338/1244 1245/1340/1245
f 1201/1312/1201 1200/1310/1200 1231/1339/1231 1232/1341/1232
f 1215/1313/1215 1214/1311/1214 1245/1340/1245 1246/1342/1246
f 1202/1314/1202 1201/1312/1201 1232/1341/1232 1233/1343/1233
f 1216/1315/1216 1215/1313/1215 1246/1342/1246 1247/1344/1247
f 1203/1316/1203 1202/1314/1202 1233/1343/1233 1234/1345/1234
f 1217/1317/1217 1216/1315/1216 1247/1344/1247 1248/1346/1248
f 1204/1318/1204 1203/1316/1203 1234/1345/1234 1235/1347/1235
f 1218/1286/1218 1217/1317/1217 1248/1346/1248 1249/1348/1249
f 1205/1288/1205 1204/1318/1204 1235/1347/1235 1236/1349/1236
f 1219/1287/1219 1218/1286/1218 1249/1348/1249 1250/1350/1250
f 1206/1289/1206 1205/1288/1205 1236/1349/1236 1237/1351/1237
f 1220/1290/1220 1219/1287/1219 1250/1350/1250 1251/1319/1251
f 1207/1291/1207 1206/1289/1206 1237/1351/1237 1238/1321/1238
f 1254/1328/1254 1253/1325/1253 1284/1352/1284 1285/1353/1285
f 1241/1329/1241 1240/1326/1240 1271/1354/1271 1272/1355/1272
f 1228/1330/1228 1227/1327/1227 1258/1356/1258 1259/1357/1259
f 1255/1331/1255 1254/1328/1254 1285/1353/1285 1286/1358/1286
f 1242/1332/1242 1241/1329/1241 1272/1355/1272 1273/1359/1273
f 1229/1333/1229 1228/1330/1228 1259/1357/1259 1260/1360/1260
f 1256/1334/1256 1255/1331/1255 1286/1358/1286 1287/1361/1287
f 1243/1335/1243 1242/1332/1242 1273/1359/1273 1274/1362/1274
f 1230/1336/1230 1229/1333/1229 1260/1360/1260 1261/1363/1261
f 16/1364/16 1256/1334/1256 1287/1361/1287
f 1244/1338/1244 1243/1335/1243 1274/1362/1274 1275/1365/1275
f 1231/1339/1231 1230/1336/1230 1261/1363/1261 1262/1366/1262
f 1245/1340/1245 1244/1338/1244 1275/1365/1275 1276/1367/1276
f 1232/1341/1232 1231/1339/1231 1262/1366/1262 1263/1368/1263
f 1246/1342/1246 1245/1340/1245 1276/1367/1276 1277/1369/1277
f 1233/1343/1233 1232/1341/1232 1263/1368/1263 1264/1370/1264
f 1247/1344/1247 1246/1342/1246 1277/1369/1277 1278/1371/1278
f 1234/1345/1234 1233/1343/1233 1264/1370/1264 1265/1372/1265
f 1248/1346/1248 1247/1344/1247 1278/1371/1278 1279/1373/1279
f 1235/1347/1235 1234/1345/1234 1265/1372/1265 1266/1374/1266
f 1249/1348/1249 1248/1346/1248 1279/1373/1279 1280/1375/1280
f 1236/1349/1236 1235/1347/1235 1266/1374/1266 1267/1376/1267
f 1250/1350/1250 1249/1348/1249 1280/1375/1280 1281/1377/1281
f 1237/1351/1237 1236/1349/1236 1267/1376/1267 1268/1378/1268
f 1251/1319/1251 1250/1350/1250 1281/1377/1281 1282/1379/1282
f 1238/1321/1238 1237/1351/1237 1268/1378/1268 1269/1380/1269
f 1252/1320/1252 1251/1319/1251 1282/1379/1282 1283/1381/1283
f 1239/1322/1239 1238/1321/1238 1269/1380/1269 1270/1382/1270
f 1226/1324/1226 1/1383/1 1257/1384/1257
f 1253/1325/1253 1252/1320/1252 1283/1381/1283 1284/1352/1284
f 1240/1326/1240 1239/1322/1239 1270/1382/1270 1271/1354/1271
f 1227/1327/1227 1226/1324/1226 1257/1384/1257 1258/1356/1258
f 1287/1361/1287 1286/1358/1286 1317/1385/1317 1318/1386/1318
f 1274/1362/1274 1273/1359/1273 1304/1387/1304 1305/1388/1305
f 1261/1363/1261 1260/1360/1260 1291/1389/1291 1292/1390/1292
f 16/1391/16 1287/1361/1287 1318/1386/1318
f 1275/1365/1275 1274/1362/1274 1305/1388/1305 1306/1392/1306
f 1262/1366/1262 1261/1363/1261 1292/1390/1292 1293/1393/1293
f 1276/1367/1276 1275/1365/1275 1306/1392/1306 1307/1394/1307
f 1263/1368/1263 1262/1366/1262 1293/1393/1293 1294/1395/1294
f 1277/1369/1277 1276/1367/1276 1307/1394/1307 1308/1396/1308
f 1264/1370/1264 1263/1368/1263 1294/1395/1294 1295/1397/1295
f 1278/1371/1278 1277/1369/1277 1308/1396/1308 1309/1398/1309
f 1265/1372/1265 1264/1370/1264 1295/1397/1295 1296/1399/1296
f 1279/1373/1279 1278/1371/1278 1309/1398/1309 1310/1400/1310
f 1266/1374/1266 1265/1372/1265 1296/1399/1296 1297/1401/1297
f 1280/1375/1280 1279/1373/1279 1310/1400/1310 1311/1402/1311
f 1267/1376/1267 1266/1374/1266 1297/1401/1297 1298/1403/1298
f 1281/1377/1281 1280/1375/1280 1311/1402/1311 1312/1404/1312
f 1268/1378/1268 1267/1376/1267 1298/1403/1298 1299/1405/1299
f 1282/1379/1282 1281/1377/1281 1312/1404/1312 1313/1406/1313
f 1269/1380/1269 1268/1378/1268 1299/1405/1299 1300/1407/1300
f 1283/1381/1283 1282/1379/1282 1313/1406/1313 1314/1408/1314
f 1270/1382/1270 1269/1380/1269 1300/1407/1300 1301/1409/1301
f 1257/1384/1257 1/1410/1 1288/1411/1288
f 1284/1352/1284 1283/1381/1283 1314/1408/1314 1315/1412/1315
f 1271/1354/1271 1270/1382/1270 1301/1409/1301 1302/1413/1302
f 1258/1356/1258 1257/1384/1257 1288/1411/1288 1289/1414/1289
f 1285/1353/1285 1284/1352/1284 1315/1412/1315 1316/1415/1316
f 1272/1355/1272 1271/1354/1271 1302/1413/1302 1303/1416/1303
f 1259/1357/1259 1258/1356/1258 1289/1414/1289 1290/1417/1290
f 1286/1358/1286 1285/1353/1285 1316/1415/1316 1317/1385/1317
f 1273/1359/1273 1272/1355/1272 1303/1416/1303 1304/1387/1304
f 1260/1360/1260 1259/1357/1259 1290/1417/1290 1291/1389/1291
f 1307/1394/1307 1306/1392/1306 1337/1418/1337 1338/1419/1338
f 1294/1395/1294 1293/1393/1293 1324/1420/1324 1325/1421/1325
f 1308/1396/1308 1307/1394/1307 1338/1419/1338 1339/1422/1339
f 1295/1397/1295 1294/1395/1294 1325/1421/1325 1326/1423/1326
f 1309/1398/1309 1308/1396/1308 1339/1422/1339 1340/1424/1340
f 1296/1399/1296 1295/1397/1295 1326/1423/1326 1327/1425/1327
f 1310/1400/1310 1309/1398/1309 1340/1424/1340 1341/1426/1341
f 1297/1401/1297 1296/1399/1296 1327/1425/1327 1328/1427/1328
f 1311/1402/1311 1310/1400/1310 1341/1426/1341 1342/1428/1342
f 1298/1403/1298 1297/1401/1297 1328/1427/1328 1329/1429/1329
f 1312/1404/1312 1311/1402/1311 1342/1428/1342 1343/1430/1343
f 1299/1405/1299 1298/1403/1298 1329/1429/1329 1330/1431/1330
f 1313/1406/1313 1312/1404/1312 1343/1430/1343 1344/1432/1344
f 1300/1407/1300 1299/1405/1299 1330/1431/1330 1331/1433/1331
f 1314/1408/1314 1313/1406/1313 1344/1432/1344 1345/1434/1345
f 1301/1409/1301 1300/1407/1300 1331/1433/1331 1332/1435/1332
f 1288/1411/1288 1/1436/1 1319/1437/1319
f 1315/1412/1315 1314/1408/1314 1345/1434/1345 1346/1438/1346
f 1302/1413/1302 1301/1409/1301 1332/1435/1332 1333/1439/1333
f 1289/1414/1289 1288/1411/1288 1319/1437/1319 1320/1440/1320
f 1316/1415/1316 1315/1412/1315 1346/1438/1346 1347/1441/1347
f 1303/1416/1303 1302/1413/1302 1333/1439/1333 1334/1442/1334
f 1290/1417/1290 1289/1414/1289 1320/1440/1320 1321/1443/1321
f 1317/1385/1317 1316/1415/1316 1347/1441/1347 1348/1444/1348
f 1304/1387/1304 1303/1416/1303 1334/1442/1334 1335/1445/1335
f 1291/1389/1291 1290/1417/1290 1321/1443/1321 1322/1446/1322
f 1318/1386/1318 1317/1385/1317 1348/1444/1348 1349/1447/1349
f 1305/1388/1305 1304/1387/1304 1335/1445/1335 1336/1448/1336
f 1292/1390/1292 1291/1389/1291 1322/1446/1322 1323/1449/1323
f 16/1450/16 1318/1386/1318 1349/1447/1349
f 1306/1392/1306 1305/1388/1305 1336/1448/1336 1337/1418/1337
f 1293/1393/1293 1292/1390/1292 1323/1449/1323 1324/1420/1324
f 1340/1424/1340 1339/1422/1339 1370/1451/1370 1371/1452/1371
f 1327/1425/1327 1326/1423/1326 1357/1453/1357 1358/1454/1358
f 1341/1426/1341 1340/1424/1340 1371/1452/1371 1372/1455/1372
f 1328/1427/1328 1327/1425/1327 1358/1454/1358 1359/1456/1359
f 1342/1428/1342 1341/1426/1341 1372/1455/1372 1373/1457/1373
f 1329/1429/1329 1328/1427/1328 1359/1456/1359 1360/1458/1360
f 1343/1430/1343 1342/1428/1342 1373/1457/1373 1374/1459/1374
f 1330/1431/1330 1329/1429/1329 1360/1458/1360 1361/1460/1361
f 1344/1432/1344 1343/1430/1343 1374/1459/1374 1375/1461/1375
f 1331/1433/1331 1330/1431/1330 1361/1460/1361 1362/1462/1362
f 1345/1434/1345 1344/1432/1344 1375/1461/1375 1376/1463/1376
f 1332/1435/1332 1331/1433/1331 1362/1462/1362 1363/1464/1363
f 1319/1437/1319 1/1465/1 1350/1466/1350
f 1346/1438/1346 1345/1434/1345 1376/1463/1376 1377/1467/1377
f 1333/1439/1333 1332/1435/1332 1363/1464/1363 1364/1468/1364
f 1320/1440/1320 1319/1437/1319 1350/1466/1350 1351/1469/1351
f 1347/1441/1347 1346/1438/1346 1377/1467/1377 1378/1470/1378
f 1334/1442/1334 1333/1439/1333 1364/1468/1364 1365/1471/1365
f 1321/1443/1321 1320/1440/1320 1351/1469/1351 1352/1472/1352
f 1348/1444/1348 1347/1441/1347 1378/1470/1378 1379/1473/1379
f 1335/1445/1335 1334/1442/1334 1365/1471/1365 1366/1474/1366
f 1322/1446/1322 1321/1443/1321 1352/1472/1352 1353/1475/1353
f 1349/1447/1349 1348/1444/1348 1379/1473/1379 1380/1476/1380
f 1336/1448/1336 1335/1445/1335 1366/1474/1366 1367/1477/1367
f 1323/1449/1323 1322/1446/1322 1353/1475/1353 1354/1478/1354
f 16/1479/16 1349/1447/1349 1380/1476/1380
f 1337/1418/1337 1336/1448/1336 1367/1477/1367 1368/1480/1368
f 1324/1420/1324 1323/1449/1323 1354/1478/1354 1355/1481/1355
f 1338/1419/1338 1337/1418/1337 1368/1480/1368 1369/1482/1369
f 1325/1421/1325 1324/1420/1324 1355/1481/1355 1356/1483/1356
f 1339/1422/1339 1338/1419/1338 1369/1482/1369 1370/1451/1370
f 1326/1423/1326 1325/1421/1325 1356/1483/1356 1357/1453/1357
f 1373/1457/1373 1372/1455/1372 1403/1484/1403 1404/1485/1404
f 1360/1458/1360 1359/1456/1359 1390/1486/1390 1391/1487/1391
f 1374/1459/1374 1373/1457/1373 1404/1485/1404 1405/1488/1405
f 1361/1460/1361 1360/1458/1360 1391/1487/1391 1392/1489/1392
f 1375/1461/1375 1374/1459/1374 1405/1488/1405 1406/1490/1406
f 1362/1462/1362 1361/1460/1361 1392/1489/1392 1393/1491/1393
f 1376/1463/1376 1375/1461/1375 1406/1490/1406 1407/1492/1407
f 1363/1464/1363 1362/1462/1362 1393/1491/1393 1394/1493/1394
f 1350/1466/1350 1/1494/1 1381/1495/1381
f 1377/1467/1377 1376/1463/1376 1407/1492/1407 1408/1496/1408
f 1364/1468/1364 1363/1464/1363 1394/1493/1394 1395/1497/1395
f 1351/1469/1351 1350/1466/1350 1381/1495/1381 1382/1498/1382
f 1378/1470/1378 1377/1467/1377 1408/1496/1408 1409/1499/1409
f 1365/1471/1365 1364/1468/1364 1395/1497/1395 1396/1500/1396
f 1352/1472/1352 1351/1469/1351 1382/1498/1382 1383/1501/1383
f 1379/1473/1379 1378/1470/1378 1409/1499/1409 1410/1502/1410
f 1366/1474/1366 1365/1471/1365 1396/1500/1396 1397/1503/1397
f 1353/1475/1353 1352/1472/1352 1383/1501/1383 1384/1504/1384
f 1380/1476/1380 1379/1473/1379 1410/1502/1410 1411/1505/1411
f 1367/1477/1367 1366/1474/1366 1397/1503/1397 1398/1506/1398
f 1354/1478/1354 1353/1475/1353 1384/1504/1384 1385/1507/1385
f 16/1508/16 1380/1476/1380 1411/1505/1411
f 1368/1480/1368 1367/1477/1367 1398/1506/1398 1399/1509/1399
f 1355/1481/1355 1354/1478/1354 1385/1507/1385 1386/1510/1386
f 1369/1482/1369 1368/1480/1368 1399/1509/1399 1400/1511/1400
f 1356/1483/1356 1355/1481/1355 1386/1510/1386 1387/1512/1387
f 1370/1451/1370 1369/1482/1369 1400/1511/1400 1401/1513/1401
f 1357/1453/1357 1356/1483/1356 1387/1512/1387 1388/1514/1388
f 1371/1452/1371 1370/1451/1370 1401/1513/1401 1402/1515/1402
f 1358/1454/1358 1357/1453/1357 1388/1514/1388 1389/1516/1389
f 1372/1455/1372 1371/1452/1371 1402/1515/1402 1403/1484/1403
f 1359/1456/1359 1358/1454/1358 1389/1516/1389 1390/1486/1390
f 1406/1490/1406 1405/1488/1405 1436/1517/1436 1437/1518/1437
f 1393/1491/1393 1392/1489/1392 1423/1519/1423 1424/1520/1424
f 1407/1492/1407 1406/1490/1406 1437/1518/1437 1438/1521/1438
f 1394/1493/1394 1393/1491/1393 1424/1520/1424 1425/1522/1425
f 1381/1495/1381 1/1523/1 1412/1524/1412
f 1408/1496/1408 1407/1492/1407 1438/1521/1438 1439/1525/1439
f 1395/1497/1395 1394/1493/1394 1425/1522/1425 1426/1526/1426
f 1382/1498/1382 1381/1495/1381 1412/1524/1412 1413/1527/1413
f 1409/1499/1409 1408/1496/1408 1439/1525/1439 1440/1528/1440
f 1396/1500/1396 1395/1497/1395 1426/1526/1426 1427/1529/1427
f 1383/1501/1383 1382/1498/1382 1413/1527/1413 1414/1530/1414
f 1410/1502/1410 1409/1499/1409 1440/1528/1440 1441/1531/1441
f 1397/1503/1397 1396/1500/1396 1427/1529/1427 1428/1532/1428
f 1384/1504/1384 1383/1501/1383 1414/1530/1414 1415/1533/1415
f 1411/1505/1411 1410/1502/1410 1441/1531/1441 1442/1534/1442
f 1398/1506/1398 1397/1503/1397 1428/1532/1428 1429/1535/1429
f 1385/1507/1385 1384/1504/1384 1415/1533/1415 1416/1536/1416
f 16/1537/16 1411/1505/1411 1442/1534/1442
f 1399/1509/1399 1398/1506/1398 1429/1535/1429 1430/1538/1430
f 1386/1510/1386 1385/1507/1385 1416/1536/1416 1417/1539/1417
f 1400/1511/1400 1399/1509/1399 1430/1538/1430 1431/1540/1431
f 1387/1512/1387 1386/1510/1386 1417/1539/1417 1418/1541/1418
f 1401/1513/1401 1400/1511/1400 1431/1540/1431 1432/1542/1432
f 1388/1514/1388 1387/1512/1387 1418/1541/1418 1419/1543/1419
f 1402/1515/1402 1401/1513/1401 1432/1542/1432 1433/1544/1433
f 1389/1516/1389 1388/1514/1388 1419/1543/1419 1420/1545/1420
f 1403/1484/1403 1402/1515/1402 1433/1544/1433 1434/1546/1434
f 1390/1486/1390 1389/1516/1389 1420/1545/1420 1421/1547/1421
f 1404/1485/1404 1403/1484/1403 1434/1546/1434 1435/1548/1435
f 1391/1487/1391 1390/1486/1390 1421/1547/1421 1422/1549/1422
f 1405/1488/1405 1404/1485/1404 1435/1548/1435 1436/1517/1436
f 1392/1489/1392 1391/1487/1391 1422/1549/1422 1423/1519/1423
f 1412/1524/1412 1/1550/1 1443/1551/1443
f 1439/1525/1439 1438/1521/1438 1469/1552/1469 1470/1553/1470
f 1426/1526/1426 1425/1522/1425 1456/1554/1456 1457/1555/1457
f 1413/1527/1413 1412/1524/1412 1443/1551/1443 1444/1556/1444
f 1440/1528/1440 1439/1525/1439 1470/1553/1470 1471/1557/1471
f 1427/1529/1427 1426/1526/1426 1457/1555/1457 1458/1558/1458
f 1414/1530/1414 1413/1527/1413 1444/1556/1444 1445/1559/1445
f 1441/1531/1441 1440/1528/1440 1471/1557/1471 1472/1560/1472
f 1428/1532/1428 1427/1529/1427 1458/1558/1458 1459/1561/1459
f 1415/1533/1415 1414/1530/1414 1445/1559/1445 1446/1562/1446
f 1442/1534/1442 1441/1531/1441 1472/1560/1472 1473/1563/1473
f 1429/1535/1429 1428/1532/1428 1459/1561/1459 1460/1564/1460
f 1416/1536/1416 1415/1533/1415 1446/1562/1446 1447/1565/1447
f 16/1566/16 1442/1534/1442 1473/1563/1473
f 1430/1538/1430 1429/1535/1429 1460/1564/1460 1461/1567/1461
f 1417/1539/1417 1416/1536/1416 1447/1565/1447 1448/1568/1448
f 1431/1540/1431 1430/1538/1430 1461/1567/1461 1462/1569/1462
f 1418/1541/1418 1417/1539/1417 1448/1568/1448 1449/1570/1449
f 1432/1542/1432 1431/1540/1431 1462/1569/1462 1463/1571/1463
f 1419/1543/1419 1418/1541/1418 1449/1570/1449 1450/1572/1450
f 1433/1544/1433 1432/1542/1432 1463/1571/1463 1464/1573/1464
f 1420/1545/1420 1419/1543/1419 1450/1572/1450 1451/1574/1451
f 1434/1546/1434 1433/1544/1433 1464/1573/1464 1465/1575/1465
f 1421/1547/1421 1420/1545/1420 1451/1574/1451 1452/1576/1452
f 1435/1548/1435 1434/1546/1434 1465/1575/1465 1466/1577/1466
f 1422/1549/1422 1421/1547/1421 1452/1576/1452 1453/1578/1453
f 1436/1517/1436 1435/1548/1435 1466/1577/1466 1467/1579/1467
f 1423/1519/1423 1422/1549/1422 1453/1578/1453 1454/1580/1454
f 1437/1518/1437 1436/1517/1436 1467/1579/1467 1468/1581/1468
f 1424/1520/1424 1423/1519/1423 1454/1580/1454 1455/1582/1455
f 1438/1521/1438 1437/1518/1437 1468/1581/1468 1469/1552/1469
f 1425/1522/1425 1424/1520/1424 1455/1582/1455 1456/1554/1456
f 1445/1559/1445 1444/1556/1444 1475/1583/1475 1476/1584/1476
f 1472/1560/1472 1471/1557/1471 1502/1585/1502 1503/1586/1503
f 1459/1561/1459 1458/1558/1458 1489/1587/1489 1490/1588/1490
f 1446/1562/1446 1445/1559/1445 1476/1584/1476 1477/1589/1477
f 1473/1563/1473 1472/1560/1472 1503/1586/1503 1504/1590/1504
f 1460/1564/1460 1459/1561/1459 1490/1588/1490 1491/1591/1491
f 1447/1565/1447 1446/1562/1446 1477/1589/1477 1478/1592/1478
f 16/1593/16 1473/1563/1473 1504/1590/1504
f 1461/1567/1461 1460/1564/1460 1491/1591/1491 1492/1594/1492
f 1448/1568/1448 1447/1565/1447 1478/1592/1478 1479/1595/1479
f 1462/1569/1462 1461/1567/1461 1492/1594/1492 1493/1596/1493
f 1449/1570/1449 1448/1568/1448 1479/1595/1479 1480/1597/1480
f 1463/1571/1463 1462/1569/1462 1493/1596/1493 1494/1598/1494
f 1450/1572/1450 1449/1570/1449 1480/1597/1480 1481/1599/1481
f 1464/1573/1464 1463/1571/1463 1494/1598/1494 1495/1600/1495
f 1451/1574/1451 1450/1572/1450 1481/1599/1481 1482/1601/1482
f 1465/1575/1465 1464/1573/1464 1495/1600/1495 1496/1602/1496
f 1452/1576/1452 1451/1574/1451 1482/1601/1482 1483/1603/1483
f 1466/1577/1466 1465/1575/1465 1496/1602/1496 1497/1604/1497
f 1453/1578/1453 1452/1576/1452 1483/1603/1483 1484/1605/1484
f 1467/1579/1467 1466/1577/1466 1497/1604/1497 1498/1606/1498
f 1454/1580/1454 1453/1578/1453 1484/1605/1484 1485/1607/1485
f 1468/1581/1468 1467/1579/1467 1498/1606/1498 1499/1608/1499
f 1455/1582/1455 1454/1580/1454 1485/1607/1485 1486/1609/1486
f 1469/1552/1469 1468/1581/1468 1499/1608/1499 1500/1610/1500
f 1456/1554/1456 1455/1582/1455 1486/1609/1486 1487/1611/1487
f 1443/1551/1443 1/1612/1 1474/1613/1474
f 1470/1553/1470 1469/1552/1469 1500/1610/1500 1501/1614/1501
f 1457/1555/1457 1456/1554/1456 1487/1611/1487 1488/1615/1488
f 1444/1556/1444 1443/1551/1443 1474/1613/1474 1475/1583/1475
f 1471/1557/1471 1470/1553/1470 1501/1614/1501 1502/1585/1502
f 1458/1558/1458 1457/1555/1457 1488/1615/1488 1489/1587/1489
f 1478/1616/1478 1477/1617/1477 1508/1618/1508 1509/1619/1509
f 16/1620/16 1504/1621/1504 1535/1622/1535
f 1492/1623/1492 1491/1624/1491 1522/1625/1522 1523/1626/1523
f 1479/1627/1479 1478/1616/1478 1509/1619/1509 1510/1628/1510
f 1493/1629/1493 1492/1623/1492 1523/1626/1523 1524/1630/1524
f 1480/1631/1480 1479/1627/1479 1510/1628/1510 1511/1632/1511
f 1494/1633/1494 1493/1629/1493 1524/1630/1524 1525/1634/1525
f 1481/1635/1481 1480/1631/1480 1511/1632/1511 1512/1636/1512
f 1495/1637/1495 1494/1633/1494 1525/1634/1525 1526/1638/1526
f 1482/1639/1482 1481/1635/1481 1512/1636/1512 1513/1640/1513
f 1496/1641/1496 1495/1637/1495 1526/1638/1526 1527/1642/1527
f 1483/1643/1483 1482/1639/1482 1513/1640/1513 1514/1644/1514
f 1497/1645/1497 1496/1641/1496 1527/1642/1527 1528/1646/1528
f 1484/1647/1484 1483/1643/1483 1514/1644/1514 1515/1648/1515
f 1498/1649/1498 1497/1645/1497 1528/1646/1528 1529/1650/1529
f 1485/1651/1485 1484/1647/1484 1515/1648/1515 1516/1652/1516
f 1499/1653/1499 1498/1649/1498 1529/1650/1529 1530/1654/1530
f 1486/1655/1486 1485/1651/1485 1516/1652/1516 1517/1656/1517
f 1500/1657/1500 1499/1653/1499 1530/1654/1530 1531/1658/1531
f 1487/1659/1487 1486/1655/1486 1517/1656/1517 1518/1660/1518
f 1474/1661/1474 1/1662/1 1505/1663/1505
f 1501/1664/1501 1500/1657/1500 1531/1658/1531 1532/1665/1532
f 1488/1666/1488 1487/1659/1487 1518/1660/1518 1519/1667/1519
f 1475/1668/1475 1474/1661/1474 1505/1663/1505 1506/1669/1506
f 1502/1670/1502 1501/1664/1501 1532/1665/1532 1533/1671/1533
f 1489/1672/1489 1488/1666/1488 1519/1667/1519 1520/1673/1520
f 1476/1674/1476 1475/1668/1475 1506/1669/1506 1507/1675/1507
f 1503/1676/1503 1502/1670/1502 1533/1671/1533 1534/1677/1534
f 1490/1678/1490 1489/1672/1489 1520/1673/1520 1521/1679/1521
f 1477/1617/1477 1476/1674/1476 1507/1675/1507 1508/1618/1508
f 1504/1621/1504 1503/1676/1503 1534/1677/1534 1535/1622/1535
f 1491/1624/1491 1490/1678/1490 1521/1679/1521 1522/1625/1522
f 1511/1632/1511 1510/1628/1510 1541/1680/1541 1542/1681/1542
f 1525/1634/1525 1524/1630/1524 1555/1682/1555 1556/1683/1556
f 1512/1636/1512 1511/1632/1511 1542/1681/1542 1543/1684/1543
f 1526/1638/1526 1525/1634/1525 1556/1683/1556 1557/1685/1557
f 1513/1640/1513 1512/1636/1512 1543/1684/1543 1544/1686/1544
f 1527/1642/1527 1526/1638/1526 1557/1685/1557 1558/1687/1558
f 1514/1644/1514 1513/1640/1513 1544/1686/1544 1545/1688/1545
f 1528/1646/1528 1527/1642/1527 1558/1687/1558 1559/1689/1559
f 1515/1648/1515 1514/1644/1514 1545/1688/1545 1546/1690/1546
f 1529/1650/1529 1528/1646/1528 1559/1689/1559 1560/1691/1560
f 1516/1652/1516 1515/1648/1515 1546/1690/1546 1547/1692/1547
f 1530/1654/1530 1529/1650/1529 1560/1691/1560 1561/1693/1561
f 1517/1656/1517 1516/1652/1516 1547/1692/1547 1548/1694/1548
f 1531/1658/1531 1530/1654/1530 1561/1693/1561 1562/1695/1562
f 1518/1660/1518 1517/1656/1517 1548/1694/1548 1549/1696/1549
f 1505/1663/1505 1/1697/1 1536/1698/1536
f 1532/1665/1532 1531/1658/1531 1562/1695/1562 1563/1699/1563
f 1519/1667/1519 1518/1660/1518 1549/1696/1549 1550/1700/1550
f 1506/1669/1506 1505/1663/1505 1536/1698/1536 1537/1701/1537
f 1533/1671/1533 1532/1665/1532 1563/1699/1563 1564/1702/1564
f 1520/1673/1520 1519/1667/1519 1550/1700/1550 1551/1703/1551
f 1507/1675/1507 1506/1669/1506 1537/1701/1537 1538/1704/1538
f 1534/1677/1534 1533/1671/1533 1564/1702/1564 1565/1705/1565
f 1521/1679/1521 1520/1673/1520 1551/1703/1551 1552/1706/1552
f 1508/1618/1508 1507/1675/1507 1538/1704/1538 1539/1707/1539
f 1535/1622/1535 1534/1677/1534 1565/1705/1565 1566/1708/1566
f 1522/1625/1522 1521/1679/1521 1552/1706/1552 1553/1709/1553
f 1509/1619/1509 1508/1618/1508 1539/1707/1539 1540/1710/1540
f 16/1711/16 1535/1622/1535 1566/1708/1566
f 1523/1626/1523 1522/1625/1522 1553/1709/1553 1554/1712/1554
f 1510/1628/1510 1509/1619/1509 1540/1710/1540 1541/1680/1541
f 1524/1630/1524 1523/1626/1523 1554/1712/1554 1555/1682/1555
f 1544/1686/1544 1543/1684/1543 1574/1713/1574 1575/1714/1575
f 1558/1687/1558 1557/1685/1557 1588/1715/1588 1589/1716/1589
f 1545/1688/1545 1544/1686/1544 1575/1714/1575 1576/1717/1576
f 1559/1689/1559 1558/1687/1558 1589/1716/1589 1590/1718/1590
f 1546/1690/1546 1545/1688/1545 1576/1717/1576 1577/1719/1577
f 1560/1691/1560 1559/1689/1559 1590/1718/1590 1591/1720/1591
f 1547/1692/1547 1546/1690/1546 1577/1719/1577 1578/1721/1578
f 1561/1693/1561 1560/1691/1560 1591/1720/1591 1592/1722/1592
f 1548/1694/1548 1547/1692/1547 1578/1721/1578 1579/1723/1579
f 1562/1695/1562 1561/1693/1561 1592/1722/1592 1593/1724/1593
f 1549/1696/1549 1548/1694/1548 1579/1723/1579 1580/1725/1580
f 1536/1698/1536 1/1726/1 1567/1727/1567
f 1563/1699/1563 1562/1695/1562 1593/1724/1593 1594/1728/1594
f 1550/1700/1550 1549/1696/1549 1580/1725/1580 1581/1729/1581
f 1537/1701/1537 1536/1698/1536 1567/1727/1567 1568/1730/1568
f 1564/1702/1564 1563/1699/1563 1594/1728/1594 1595/1731/1595
f 1551/1703/1551 1550/1700/1550 1581/1729/1581 1582/1732/1582
f 1538/1704/1538 1537/1701/1537 1568/1730/1568 1569/1733/1569
f 1565/1705/1565 1564/1702/1564 1595/1731/1595 1596/1734/1596
f 1552/1706/1552 1551/1703/1551 1582/1732/1582 1583/1735/1583
f 1539/1707/1539 1538/1704/1538 1569/1733/1569 1570/1736/1570
f 1566/1708/1566 1565/1705/1565 1596/1734/1596 1597/1737/1597
f 1553/1709/1553 1552/1706/1552 1583/1735/1583 1584/1738/1584
f 1540/1710/1540 1539/1707/1539 1570/1736/1570 1571/1739/1571
f 16/1740/16 1566/1708/1566 1597/1737/1597
f 1554/1712/1554 1553/1709/1553 1584/1738/1584 1585/1741/1585
f 1541/1680/1541 1540/1710/1540 1571/1739/1571 1572/1742/1572
f 1555/1682/1555 1554/1712/1554 1585/1741/1585 1586/1743/1586
f 1542/1681/1542 1541/1680/1541 1572/1742/1572 1573/1744/1573
f 1556/1683/1556 1555/1682/1555 1586/1743/1586 1587/1745/1587
f 1543/1684/1543 1542/1681/1542 1573/1744/1573 1574/1713/1574
f 1557/1685/1557 1556/1683/1556 1587/1745/1587 1588/1715/1588
f 1572/1742/1572 1571/1739/1571 1602/1746/1602 1603/1747/1603
f 1586/1743/1586 1585/1741/1585 1616/1748/1616 1617/1749/1617
f 1573/1744/1573 1572/1742/1572 1603/1747/1603 1604/1750/1604
f 1587/1745/1587 1586/1743/1586 1617/1749/1617 1618/1751/1618
f 1574/1713/1574 1573/1744/1573 1604/1750/1604 1605/1752/1605
f 1588/1715/1588 1587/1745/1587 1618/1751/1618 1619/1753/1619
f 1575/1714/1575 1574/1713/1574 1605/1752/1605 1606/1754/1606
f 1589/1716/1589 1588/1715/1588 1619/1753/1619 1620/1755/1620
f 1576/1717/1576 1575/1714/1575 1606/1754/1606 1607/1756/1607
f 1590/1718/1590 1589/1716/1589 1620/1755/1620 1621/1757/1621
f 1577/1719/1577 1576/1717/1576 1607/1756/1607 1608/1758/1608
f 1591/1720/1591 1590/1718/1590 1621/1757/1621 1622/1759/1622
f 1578/1721/1578 1577/1719/1577 1608/1758/1608 1609/1760/1609
f 1592/1722/1592 1591/1720/1591 1622/1759/1622 1623/1761/1623
f 1579/1723/1579 1578/1721/1578 1609/1760/1609 1610/1762/1610
f 1593/1724/1593 1592/1722/1592 1623/1761/1623 1624/1763/1624
f 1580/1725/1580 1579/1723/1579 1610/1762/1610 1611/1764/1611
f 1567/1727/1567 1/1765/1 1598/1766/1598
f 1594/1728/1594 1593/1724/1593 1624/1763/1624 1625/1767/1625
f 1581/1729/1581 1580/1725/1580 1611/1764/1611 1612/1768/1612
f 1568/1730/1568 1567/1727/1567 1598/1766/1598 1599/1769/1599
f 1595/1731/1595 1594/1728/1594 1625/1767/1625 1626/1770/1626
f 1582/1732/1582 1581/1729/1581 1612/1768/1612 1613/1771/1613
f 1569/1733/1569 1568/1730/1568 1599/1769/1599 1600/1772/1600
f 1596/1734/1596 1595/1731/1595 1626/1770/1626 1627/1773/1627
f 1583/1735/1583 1582/1732/1582 1613/1771/1613 1614/1774/1614
f 1570/1736/1570 1569/1733/1569 1600/1772/1600 1601/1775/1601
f 1597/1737/1597 1596/1734/1596 1627/1773/1627 1628/1776/1628
f 1584/1738/1584 1583/1735/1583 1614/1774/1614 1615/1777/1615
f 1571/1739/1571 1570/1736/1570 1601/1775/1601 1602/1746/1602
f 16/1778/16 1597/1737/1597 1628/1776/1628
f 1585/1741/1585 1584/1738/1584 1615/1777/1615 1616/1748/1616
f 1605/1752/1605 1604/1750/1604 1635/1779/1635 1636/1780/1636
f 1619/1753/1619 1618/1751/1618 1649/1781/1649 1650/1782/1650
f 1606/1754/1606 1605/1752/1605 1636/1780/1636 1637/1783/1637
f 1620/1755/1620 1619/1753/1619 1650/1782/1650 1651/1784/1651
f 1607/1756/1607 1606/1754/1606 1637/1783/1637 1638/1785/1638
f 1621/1757/1621 1620/1755/1620 1651/1784/1651 1652/1786/1652
f 1608/1758/1608 1607/1756/1607 1638/1785/1638 1639/1787/1639
f 1622/1759/1622 1621/1757/1621 1652/1786/1652 1653/1788/1653
f 1609/1760/1609 1608/1758/1608 1639/1787/1639 1640/1789/1640
f 1623/1761/1623 1622/1759/1622 1653/1788/1653 1654/1790/1654
f 1610/1762/1610 1609/1760/1609 1640/1789/1640 1641/1791/1641
f 1624/1763/1624 1623/1761/1623 1654/1790/1654 1655/1792/1655
f 1611/1764/1611 1610/1762/1610 1641/1791/1641 1642/1793/1642
f 1598/1766/1598 1/1794/1 1629/1795/1629
f 1625/1767/1625 1624/1763/1624 1655/1792/1655 1656/1796/1656
f 1612/1768/1612 1611/1764/1611 1642/1793/1642 1643/1797/1643
f 1599/1769/1599 1598/1766/1598 1629/1795/1629 1630/1798/1630
f 1626/1770/1626 1625/1767/1625 1656/1796/1656 1657/1799/1657
f 1613/1771/1613 1612/1768/1612 1643/1797/1643 1644/1800/1644
f 1600/1772/1600 1599/1769/1599 1630/1798/1630 1631/1801/1631
f 1627/1773/1627 1626/1770/1626 1657/1799/1657 1658/1802/1658
f 1614/1774/1614 1613/1771/1613 1644/1800/1644 1645/1803/1645
f 1601/1775/1601 1600/1772/1600 1631/1801/1631 1632/1804/1632
f 1628/1776/1628 1627/1773/1627 1658/1802/1658 1659/1805/1659
f 1615/1777/1615 1614/1774/1614 1645/1803/1645 1646/1806/1646
f 1602/1746/1602 1601/1775/1601 1632/1804/1632 1633/1807/1633
f 16/1808/16 1628/1776/1628 1659/1805/1659
f 1616/1748/1616 1615/1777/1615 1646/1806/1646 1647/1809/1647
f 1603/1747/1603 1602/1746/1602 1633/1807/1633 1634/1810/1634
f 1617/1749/1617 1616/1748/1616 1647/1809/1647 1648/1811/1648
f 1604/1750/1604 1603/1747/1603 1634/1810/1634 1635/1779/1635
f 1618/1751/1618 1617/1749/1617 1648/1811/1648 1649/1781/1649
f 1638/1785/1638 1637/1783/1637 1668/1812/1668 1669/1813/1669
f 1652/1786/1652 1651/1784/1651 1682/1814/1682 1683/1815/1683
f 1639/1787/1639 1638/1785/1638 1669/1813/1669 1670/1816/1670
f 1653/1788/1653 1652/1786/1652 1683/1815/1683 1684/1817/1684
f 1640/1789/1640 1639/1787/1639 1670/1816/1670 1671/1818/1671
f 1654/1790/1654 1653/1788/1653 1684/1817/1684 1685/1819/1685
f 1641/1791/1641 1640/1789/1640 1671/1818/1671 1672/1820/1672
f 1655/1792/1655 1654/1790/1654 1685/1819/1685 1686/1821/1686
f 1642/1793/1642 1641/1791/1641 1672/1820/1672 1673/1822/1673
f 1629/1795/1629 1/1823/1 1660/1824/1660
f 1656/1796/1656 1655/1792/1655 1686/1821/1686 1687/1825/1687
f 1643/1797/1643 1642/1793/1642 1673/1822/1673 1674/1826/1674
f 1630/1798/1630 1629/1795/1629 1660/1824/1660 1661/1827/1661
f 1657/1799/1657 1656/1796/1656 1687/1825/1687 1688/1828/1688
f 1644/1800/1644 1643/1797/1643 1674/1826/1674 1675/1829/1675
f 1631/1801/1631 1630/1798/1630 1661/1827/1661 1662/1830/1662
f 1658/1802/1658 1657/1799/1657 1688/1828/1688 1689/1831/1689
f 1645/1803/1645 1644/1800/1644 1675/1829/1675 1676/1832/1676
f 1632/1804/1632 1631/1801/1631 1662/1830/1662 1663/1833/1663
f 1659/1805/1659 1658/1802/1658 1689/1831/1689 1690/1834/1690
f 1646/1806/1646 1645/1803/1645 1676/1832/1676 1677/1835/1677
f 1633/1807/1633 1632/1804/1632 1663/1833/1663 1664/1836/1664
f 16/1837/16 1659/1805/1659 1690/1834/1690
f 1647/1809/1647 1646/1806/1646 1677/1835/1677 1678/1838/1678
f 1634/1810/1634 1633/1807/1633 1664/1836/1664 1665/1839/1665
f 1648/1811/1648 1647/1809/1647 1678/1838/1678 1679/1840/1679
f 1635/1779/1635 1634/1810/1634 1665/1839/1665 1666/1841/1666
f 1649/1781/1649 1648/1811/1648 1679/1840/1679 1680/1842/1680
f 1636/1780/1636 1635/1779/1635 1666/1841/1666 1667/1843/1667
f 1650/1782/1650 1649/1781/1649 1680/1842/1680 1681/1844/1681
f 1637/1783/1637 1636/1780/1636 1667/1843/1667 1668/1812/1668
f 1651/1784/1651 1650/1782/1650 1681/1844/1681 1682/1814/1682
f 1671/1818/1671 1670/1816/1670 1701/1845/1701 1702/1846/1702
f 1685/1819/1685 1684/1817/1684 1715/1847/1715 1716/1848/1716
f 1672/1820/1672 1671/1818/1671 1702/1846/1702 1703/1849/1703
f 1686/1821/1686 1685/1819/1685 1716/1848/1716 1717/1850/1717
f 1673/1822/1673 1672/1820/1672 1703/1849/1703 1704/1851/1704
f 1660/1824/1660 1/1852/1 1691/1853/1691
f 1687/1825/1687 1686/1821/1686 1717/1850/1717 1718/1854/1718
f 1674/1826/1674 1673/1822/1673 1704/1851/1704 1705/1855/1705
f 1661/1827/1661 1660/1824/1660 1691/1853/1691 1692/1856/1692
f 1688/1828/1688 1687/1825/1687 1718/1854/1718 1719/1857/1719
f 1675/1829/1675 1674/1826/1674 1705/1855/1705 1706/1858/1706
f 1662/1830/1662 1661/1827/1661 1692/1856/1692 1693/1859/1693
f 1689/1831/1689 1688/1828/1688 1719/1857/1719 1720/1860/1720
f 1676/1832/1676 1675/1829/1675 1706/1858/1706 1707/1861/1707
f 1663/1833/1663 1662/1830/1662 1693/1859/1693 1694/1862/1694
f 1690/1834/1690 1689/1831/1689 1720/1860/1720 1721/1863/1721
f 1677/1835/1677 1676/1832/1676 1707/1861/1707 1708/1864/1708
f 1664/1836/1664 1663/1833/1663 1694/1862/1694 1695/1865/1695
f 16/1866/16 1690/1834/1690 1721/1863/1721
f 1678/1838/1678 1677/1835/1677 1708/1864/1708 1709/1867/1709
f 1665/1839/1665 1664/1836/1664 1695/1865/1695 1696/1868/1696
f 1679/1840/1679 1678/1838/1678 1709/1867/1709 1710/1869/1710
f 1666/1841/1666 1665/1839/1665 1696/1868/1696 1697/1870/1697
f 1680/1842/1680 1679/1840/1679 1710/1869/1710 1711/1871/1711
f 1667/1843/1667 1666/1841/1666 1697/1870/1697 1698/1872/1698
f 1681/1844/1681 1680/1842/1680 1711/1871/1711 1712/1873/1712
f 1668/1812/1668 1667/1843/1667 1698/1872/1698 1699/1874/1699
f 1682/1814/1682 1681/1844/1681 1712/1873/1712 1713/1875/1713
f 1669/1813/1669 1668/1812/1668 1699/1874/1699 1700/1876/1700
f 1683/1815/1683 1682/1814/1682 1713/1875/1713 1714/1877/1714
f 1670/1816/1670 1669/1813/1669 1700/1876/1700 1701/1845/1701
f 1684/1817/1684 1683/1815/1683 1714/1877/1714 1715/1847/1715
f 1704/1851/1704 1703/1849/1703 1734/1878/1734 1735/1879/1735
f 1691/1853/1691 1/1880/1 1722/1881/1722
f 1718/1854/1718 1717/1850/1717 1748/1882/1748 1749/1883/1749
f 1705/1855/1705 1704/1851/1704 1735/1879/1735 1736/1884/1736
f 1692/1856/1692 1691/1853/1691 1722/1881/1722 1723/1885/1723
f 1719/1857/1719 1718/1854/1718 1749/1883/1749 1750/1886/1750
f 1706/1858/1706 1705/1855/1705 1736/1884/1736 1737/1887/1737
f 1693/1859/1693 1692/1856/1692 1723/1885/1723 1724/1888/1724
f 1720/1860/1720 1719/1857/1719 1750/1886/1750 1751/1889/1751
f 1707/1861/1707 1706/1858/1706 1737/1887/1737 1738/1890/1738
f 1694/1862/1694 1693/1859/1693 1724/1888/1724 1725/1891/1725
f 1721/1863/1721 1720/1860/1720 1751/1889/1751 1752/1892/1752
f 1708/1864/1708 1707/1861/1707 1738/1890/1738 1739/1893/1739
f 1695/1865/1695 1694/1862/1694 1725/1891/1725 1726/1894/1726
f 16/1895/16 1721/1863/1721 1752/1892/1752
f 1709/1867/1709 1708/1864/1708 1739/1893/1739 1740/1896/1740
f 1696/1868/1696 1695/1865/1695 1726/1894/1726 1727/1897/1727
f 1710/1869/1710 1709/1867/1709 1740/1896/1740 1741/1898/1741
f 1697/1870/1697 1696/1868/1696 1727/1897/1727 1728/1899/1728
f 1711/1871/1711 1710/1869/1710 1741/1898/1741 1742/1900/1742
f 1698/1872/1698 1697/1870/1697 1728/1899/1728 1729/1901/1729
f 1712/1873/1712 1711/1871/1711 1742/1900/1742 1743/1902/1743
f 1699/1874/1699 1698/1872/1698 1729/1901/1729 1730/1903/1730
f 1713/1875/1713 1712/1873/1712 1743/1902/1743 1744/1904/1744
f 1700/1876/1700 1699/1874/1699 1730/1903/1730 1731/1905/1731
f 1714/1877/1714 1713/1875/1713 1744/1904/1744 1745/1906/1745
f 1701/1845/1701 1700/1876/1700 1731/1905/1731 1732/1907/1732
f 1715/1847/1715 1714/1877/1714 1745/1906/1745 1746/1908/1746
f 1702/1846/1702 1701/1845/1701 1732/1907/1732 1733/1909/1733
f 1716/1848/1716 1715/1847/1715 1746/1908/1746 1747/1910/1747
f 1703/1849/1703 1702/1846/1702 1733/1909/1733 1734/1878/1734
f 1717/1850/1717 1716/1848/1716 1747/1910/1747 1748/1882/1748
f 1737/1887/1737 1736/1884/1736 1767/1911/1767 1768/1912/1768
f 1724/1888/1724 1723/1885/1723 1754/1913/1754 1755/1914/1755
f 1751/1889/1751 1750/1886/1750 1781/1915/1781 1782/1916/1782
f 1738/1890/1738 1737/1887/1737 1768/1912/1768 1769/1917/1769
f 1725/1891/1725 1724/1888/1724 1755/1914/1755 1756/1918/1756
f 1752/1892/1752 1751/1889/1751 1782/1916/1782 1783/1919/1783
f 1739/1893/1739 1738/1890/1738 1769/1917/1769 1770/1920/1770
f 1726/1894/1726 1725/1891/1725 1756/1918/1756 1757/1921/1757
f 16/1922/16 1752/1892/1752 1783/1919/1783
f 1740/1896/1740 1739/1893/1739 1770/1920/1770 1771/1923/1771
f 1727/1897/1727 1726/1894/1726 1757/1921/1757 1758/1924/1758
f 1741/1898/1741 1740/1896/1740 1771/1923/1771 1772/1925/1772
f 1728/1899/1728 1727/1897/1727 1758/1924/1758 1759/1926/1759
f 1742/1900/1742 1741/1898/1741 1772/1925/1772 1773/1927/1773
f 1729/1901/1729 1728/1899/1728 1759/1926/1759 1760/1928/1760
f 1743/1902/1743 1742/1900/1742 1773/1927/1773 1774/1929/1774
f 1730/1903/1730 1729/1901/1729 1760/1928/1760 1761/1930/1761
f 1744/1904/1744 1743/1902/1743 1774/1929/1774 1775/1931/1775
f 1731/1905/1731 1730/1903/1730 1761/1930/1761 1762/1932/1762
f 1745/1906/1745 1744/1904/1744 1775/1931/1775 1776/1933/1776
f 1732/1907/1732 1731/1905/1731 1762/1932/1762 1763/1934/1763
f 1746/1908/1746 1745/1906/1745 1776/1933/1776 1777/1935/1777
f 1733/1909/1733 1732/1907/1732 1763/1934/1763 1764/1936/1764
f 1747/1910/1747 1746/1908/1746 1777/1935/1777 1778/1937/1778
f 1734/1878/1734 1733/1909/1733 1764/1936/1764 1765/1938/1765
f 1748/1882/1748 1747/1910/1747 1778/1937/1778 1779/1939/1779
f 1735/1879/1735 1734/1878/1734 1765/1938/1765 1766/1940/1766
f 1722/1881/1722 1/1941/1 1753/1942/1753
f 1749/1883/1749 1748/1882/1748 1779/1939/1779 1780/1943/1780
f 1736/1884/1736 1735/1879/1735 1766/1940/1766 1767/1911/1767
f 1723/1885/1723 1722/1881/1722 1753/1942/1753 1754/1913/1754
f 1750/1886/1750 1749/1883/1749 1780/1943/1780 1781/1915/1781
f 1770/1920/1770 1769/1917/1769 1800/1944/1800 1801/1945/1801
f 1757/1921/1757 1756/1918/1756 1787/1946/1787 1788/1947/1788
f 16/1948/16 1783/1919/1783 1814/1949/1814
f 1771/1923/1771 1770/1920/1770 1801/1945/1801 1802/1950/1802
f 1758/1924/1758 1757/1921/1757 1788/1947/1788 1789/1951/1789
f 1772/1925/1772 1771/1923/1771 1802/1950/1802 1803/1952/1803
f 1759/1926/1759 1758/1924/1758 1789/1951/1789 1790/1953/1790
f 1773/1927/1773 1772/1925/1772 1803/1952/1803 1804/1954/1804
f 1760/1928/1760 1759/1926/1759 1790/1953/1790 1791/1955/1791
f 1774/1929/1774 1773/1927/1773 1804/1954/1804 1805/1956/1805
f 1761/1930/1761 1760/1928/1760 1791/1955/1791 1792/1957/1792
f 1775/1931/1775 1774/1929/1774 1805/1956/1805 1806/1958/1806
f 1762/1932/1762 1761/1930/1761 1792/1957/1792 1793/1959/1793
f 1776/1933/1776 1775/1931/1775 1806/1958/1806 1807/1960/1807
f 1763/1934/1763 1762/1932/1762 1793/1959/1793 1794/1961/1794
f 1777/1935/1777 1776/1933/1776 1807/1960/1807 1808/1962/1808
f 1764/1936/1764 1763/1934/1763 1794/1961/1794 1795/1963/1795
f 1778/1937/1778 1777/1935/1777 1808/1962/1808 1809/1964/1809
f 1765/1938/1765 1764/1936/1764 1795/1963/1795 1796/1965/1796
f 1779/1939/1779 1778/1937/1778 1809/1964/1809 1810/1966/1810
f 1766/1940/1766 1765/1938/1765 1796/1965/1796 1797/1967/1797
f 1753/1942/1753 1/1968/1 1784/1969/1784
f 1780/1943/1780 1779/1939/1779 1810/1966/1810 1811/1970/1811
f 1767/1911/1767 1766/1940/1766 1797/1967/1797 1798/1971/1798
f 1754/1913/1754 1753/1942/1753 1784/1969/1784 1785/1972/1785
f 1781/1915/1781 1780/1943/1780 1811/1970/1811 1812/1973/1812
f 1768/1912/1768 1767/1911/1767 1798/1971/1798 1799/1974/1799
f 1755/1914/1755 1754/1913/1754 1785/1972/1785 1786/1975/1786
f 1782/1916/1782 1781/1915/1781 1812/1973/1812 1813/1976/1813
f 1769/1917/1769 1768/1912/1768 1799/1974/1799 1800/1944/1800
f 1756/1918/1756 1755/1914/1755 1786/1975/1786 1787/1946/1787
f 1783/1919/1783 1782/1916/1782 1813/1976/1813 1814/1949/1814
f 1803/1952/1803 1802/1950/1802 1833/1977/1833 1834/1978/1834
f 1790/1953/1790 1789/1951/1789 1820/1979/1820 1821/1980/1821
f 1804/1954/1804 1803/1952/1803 1834/1978/1834 1835/1981/1835
f 1791/1955/1791 1790/1953/1790 1821/1980/1821 1822/1982/1822
f 1805/1956/1805 1804/1954/1804 1835/1981/1835 1836/1983/1836
f 1792/1957/1792 1791/1955/1791 1822/1982/1822 1823/1984/1823
f 1806/1958/1806 1805/1956/1805 1836/1983/1836 1837/1985/1837
f 1793/1959/1793 1792/1957/1792 1823/1984/1823 1824/1986/1824
f 1807/1960/1807 1806/1958/1806 1837/1985/1837 1838/1987/1838
f 1794/1961/1794 1793/1959/1793 1824/1986/1824 1825/1988/1825
f 1808/1962/1808 1807/1960/1807 1838/1987/1838 1839/1989/1839
f 1795/1963/1795 1794/1961/1794 1825/1988/1825 1826/1990/1826
f 1809/1964/1809 1808/1962/1808 1839/1989/1839 1840/1991/1840
f 1796/1965/1796 1795/1963/1795 1826/1990/1826 1827/1992/1827
f 1810/1966/1810 1809/1964/1809 1840/1991/1840 1841/1993/1841
f 1797/1967/1797 1796/1965/1796 1827/1992/1827 1828/1994/1828
f 1784/1969/1784 1/1995/1 1815/1996/1815
f 1811/1970/1811 1810/1966/1810 1841/1993/1841 1842/1997/1842
f 1798/1971/1798 1797/1967/1797 1828/1994/1828 1829/1998/1829
f 1785/1972/1785 1784/1969/1784 1815/1996/1815 1816/1999/1816
f 1812/1973/1812 1811/1970/1811 1842/1997/1842 1843/2000/1843
f 1799/1974/1799 1798/1971/1798 1829/1998/1829 1830/2001/1830
f 1786/1975/1786 1785/1972/1785 1816/1999/1816 1817/2002/1817
f 1813/1976/1813 1812/1973/1812 1843/2000/1843 1844/2003/1844
f 1800/1944/1800 1799/1974/1799 1830/2001/1830 1831/2004/1831
f 1787/1946/1787 1786/1975/1786 1817/2002/1817 1818/2005/1818
f 1814/1949/1814 1813/1976/1813 1844/2003/1844 1845/2006/1845
f 1801/1945/1801 1800/1944/1800 1831/2004/1831 1832/2007/1832
f 1788/1947/1788 1787/1946/1787 1818/2005/1818 1819/2008/1819
f 16/2009/16 1814/1949/1814 1845/2006/1845
f 1802/1950/1802 1801/1945/1801 1832/2007/1832 1833/1977/1833
f 1789/1951/1789 1788/1947/1788 1819/2008/1819 1820/1979/1820
f 1836/1983/1836 1835/1981/1835 1866/2010/1866 1867/2011/1867
f 1823/1984/1823 1822/1982/1822 1853/2012/1853 1854/2013/1854
f 1837/1985/1837 1836/1983/1836 1867/2011/1867 1868/2014/1868
f 1824/1986/1824 1823/1984/1823 1854/2013/1854 1855/2015/1855
f 1838/1987/1838 1837/1985/1837 1868/2014/1868 1869/2016/1869
f 1825/1988/1825 1824/1986/1824 1855/2015/1855 1856/2017/1856
f 1839/1989/1839 1838/1987/1838 1869/2016/1869 1870/2018/1870
f 1826/1990/1826 1825/1988/1825 1856/2017/1856 1857/2019/1857
f 1840/1991/1840 1839/1989/1839 1870/2018/1870 1871/2020/1871
f 1827/1992/1827 1826/1990/1826 1857/2019/1857 1858/2021/1858
f 1841/1993/1841 1840/1991/1840 1871/2020/1871 1872/2022/1872
f 1828/1994/1828 1827/1992/1827 1858/2021/1858 1859/2023/1859
f 1815/1996/1815 1/2024/1 1846/2025/1846
f 1842/1997/1842 1841/1993/1841 1872/2022/1872 1873/2026/1873
f 1829/1998/1829 1828/1994/1828 1859/2023/1859 1860/2027/1860
f 1816/1999/1816 1815/1996/1815 1846/2025/1846 1847/2028/1847
f 1843/2000/1843 1842/1997/1842 1873/2026/1873 1874/2029/1874
f 1830/2001/1830 1829/1998/1829 1860/2027/1860 1861/2030/1861
f 1817/2002/1817 1816/1999/1816 1847/2028/1847 1848/2031/1848
f 1844/2003/1844 1843/2000/1843 1874/2029/1874 1875/2032/1875
f 1831/2004/1831 1830/2001/1830 1861/2030/1861 1862/2033/1862
f 1818/2005/1818 1817/2002/1817 1848/2031/1848 1849/2034/1849
f 1845/2006/1845 1844/2003/1844 1875/2032/1875 1876/2035/1876
f 1832/2007/1832 1831/2004/1831 1862/2033/1862 1863/2036/1863
f 1819/2008/1819 1818/2005/1818 1849/2034/1849 1850/2037/1850
f 16/2038/16 1845/2006/1845 1876/2035/1876
f 1833/1977/1833 1832/2007/1832 1863/2036/1863 1864/2039/1864
f 1820/1979/1820 1819/2008/1819 1850/2037/1850 1851/2040/1851
f 1834/1978/1834 1833/1977/1833 1864/2039/1864 1865/2041/1865
f 1821/1980/1821 1820/1979/1820 1851/2040/1851 1852/2042/1852
f 1835/1981/1835 1834/1978/1834 1865/2041/1865 1866/2010/1866
f 1822/1982/1822 1821/1980/1821 1852/2042/1852 1853/2012/1853
f 1869/2016/1869 1868/2014/1868 1899/2043/1899 1900/2044/1900
f 1856/2017/1856 1855/2015/1855 1886/2045/1886 1887/2046/1887
f 1870/2018/1870 1869/2016/1869 1900/2044/1900 1901/2047/1901
f 1857/2019/1857 1856/2017/1856 1887/2046/1887 1888/2048/1888
f 1871/2020/1871 1870/2018/1870 1901/2047/1901 1902/2049/1902
f 1858/2021/1858 1857/2019/1857 1888/2048/1888 1889/2050/1889
f 1872/2022/1872 1871/2020/1871 1902/2049/1902 1903/2051/1903
f 1859/2023/1859 1858/2021/1858 1889/2050/1889 1890/2052/1890
f 1846/2025/1846 1/2053/1 1877/2054/1877
f 1873/2026/1873 1872/2022/1872 1903/2051/1903 1904/2055/1904
f 1860/2027/1860 1859/2023/1859 1890/2052/1890 1891/2056/1891
f 1847/2028/1847 1846/2025/1846 1877/2054/1877 1878/2057/1878
f 1874/2029/1874 1873/2026/1873 1904/2055/1904 1905/2058/1905
f 1861/2030/1861 1860/2027/1860 1891/2056/1891 1892/2059/1892
f 1848/2031/1848 1847/2028/1847 1878/2057/1878 1879/2060/1879
f 1875/2032/1875 1874/2029/1874 1905/2058/1905 1906/2061/1906
f 1862/2033/1862 1861/2030/1861 1892/2059/1892 1893/2062/1893
f 1849/2034/1849 1848/2031/1848 1879/2060/1879 1880/2063/1880
f 1876/2035/1876 1875/2032/1875 1906/2061/1906 1907/2064/1907
f 1863/2036/1863 1862/2033/1862 1893/2062/1893 1894/2065/1894
f 1850/2037/1850 1849/2034/1849 1880/2063/1880 1881/2066/1881
f 16/2067/16 1876/2035/1876 1907/2064/1907
f 1864/2039/1864 1863/2036/1863 1894/2065/1894 1895/2068/1895
f 1851/2040/1851 1850/2037/1850 1881/2066/1881 1882/2069/1882
f 1865/2041/1865 1864/2039/1864 1895/2068/1895 1896/2070/1896
f 1852/2042/1852 1851/2040/1851 1882/2069/1882 1883/2071/1883
f 1866/2010/1866 1865/2041/1865 1896/2070/1896 1897/2072/1897
f 1853/2012/1853 1852/2042/1852 1883/2071/1883 1884/2073/1884
f 1867/2011/1867 1866/2010/1866 1897/2072/1897 1898/2074/1898
f 1854/2013/1854 1853/2012/1853 1884/2073/1884 1885/2075/1885
f 1868/2014/1868 1867/2011/1867 1898/2074/1898 1899/2043/1899
f 1855/2015/1855 1854/2013/1854 1885/2075/1885 1886/2045/1886
f 1902/2049/1902 1901/2047/1901 1932/2076/1932 1933/2077/1933
f 1889/2050/1889 1888/2048/1888 1919/2078/1919 1920/2079/1920
f 1903/2051/1903 1902/2049/1902 1933/2077/1933 1934/2080/1934
f 1890/2052/1890 1889/2050/1889 1920/2079/1920 1921/2081/1921
f 1877/2054/1877 1/2082/1 1908/2083/1908
f 1904/2055/1904 1903/2051/1903 1934/2080/1934 1935/2084/1935
f 1891/2056/1891 1890/2052/1890 1921/2081/1921 1922/2085/1922
f 1878/2057/1878 1877/2054/1877 1908/2083/1908 1909/2086/1909
f 1905/2058/1905 1904/2055/1904 1935/2084/1935 1936/2087/1936
f 1892/2059/1892 1891/2056/1891 1922/2085/1922 1923/2088/1923
f 1879/2060/1879 1878/2057/1878 1909/2086/1909 1910/2089/1910
f 1906/2061/1906 1905/2058/1905 1936/2087/1936 1937/2090/1937
f 1893/2062/1893 1892/2059/1892 1923/2088/1923 1924/2091/1924
f 1880/2063/1880 1879/2060/1879 1910/2089/1910 1911/2092/1911
f 1907/2064/1907 1906/2061/1906 1937/2090/1937 1938/2093/1938
f 1894/2065/1894 1893/2062/1893 1924/2091/1924 1925/2094/1925
f 1881/2066/1881 1880/2063/1880 1911/2092/1911 1912/2095/1912
f 16/2096/16 1907/2064/1907 1938/2093/1938
f 1895/2068/1895 1894/2065/1894 1925/2094/1925 1926/2097/1926
f 1882/2069/1882 1881/2066/1881 1912/2095/1912 1913/2098/1913
f 1896/2070/1896 1895/2068/1895 1926/2097/1926 1927/2099/1927
f 1883/2071/1883 1882/2069/1882 1913/2098/1913 1914/2100/1914
f 1897/2072/1897 1896/2070/1896 1927/2099/1927 1928/2101/1928
f 1884/2073/1884 1883/2071/1883 1914/2100/1914 1915/2102/1915
f 1898/2074/1898 1897/2072/1897 1928/2101/1928 1929/2103/1929
f 1885/2075/1885 1884/2073/1884 1915/2102/1915 1916/2104/1916
f 1899/2043/1899 1898/2074/1898 1929/2103/1929 1930/2105/1930
f 1886/2045/1886 1885/2075/1885 1916/2104/1916 1917/2106/1917
f 1900/2044/1900 1899/2043/1899 1930/2105/1930 1931/2107/1931
f 1887/2046/1887 1886/2045/1886 1917/2106/1917 1918/2108/1918
f 1901/2047/1901 1900/2044/1900 1931/2107/1931 1932/2076/1932
f 1888/2048/1888 1887/2046/1887 1918/2108/1918 1919/2078/1919
f 1908/2083/1908 1/2109/1 1939/2110/1939
f 1935/2084/1935 1934/2080/1934 1965/2111/1965 1966/2112/1966
f 1922/2085/1922 1921/2081/1921 1952/2113/1952 1953/2114/1953
f 1909/2086/1909 1908/2083/1908 1939/2110/1939 1940/2115/1940
f 1936/2087/1936 1935/2084/1935 1966/2112/1966 1967/2116/1967
f 1923/2088/1923 1922/2085/1922 1953/2114/1953 1954/2117/1954
f 1910/2089/1910 1909/2086/1909 1940/2115/1940 1941/2118/1941
f 1937/2090/1937 1936/2087/1936 1967/2116/1967 1968/2119/1968
f 1924/2091/1924 1923/2088/1923 1954/2117/1954 1955/2120/1955
f 1911/2092/1911 1910/2089/1910 1941/2118/1941 1942/2121/1942
f 1938/2093/1938 1937/2090/1937 1968/2119/1968 1969/2122/1969
f 1925/2094/1925 1924/2091/1924 1955/2120/1955 1956/2123/1956
f 1912/2095/1912 1911/2092/1911 1942/2121/1942 1943/2124/1943
f 16/2125/16 1938/2093/1938 1969/2122/1969
f 1926/2097/1926 1925/2094/1925 1956/2123/1956 1957/2126/1957
f 1913/2098/1913 1912/2095/1912 1943/2124/1943 1944/2127/1944
f 1927/2099/1927 1926/2097/1926 1957/2126/1957 1958/2128/1958
f 1914/2100/1914 1913/2098/1913 1944/2127/1944 1945/2129/1945
f 1928/2101/1928 1927/2099/1927 1958/2128/1958 1959/2130/1959
f 1915/2102/1915 1914/2100/1914 1945/2129/1945 1946/2131/1946
f 1929/2103/1929 1928/2101/1928 1959/2130/1959 1960/2132/1960
f 1916/2104/1916 1915/2102/1915 1946/2131/1946 1947/2133/1947
f 1930/2105/1930 1929/2103/1929 1960/2132/1960 1961/2134/1961
f 1917/2106/1917 1916/2104/1916 1947/2133/1947 1948/2135/1948
f 1931/2107/1931 1930/2105/1930 1961/2134/1961 1962/2136/1962
f 1918/2108/1918 1917/2106/1917 1948/2135/1948 1949/2137/1949
f 1932/2076/1932 1931/2107/1931 1962/2136/1962 1963/2138/1963
f 1919/2078/1919 1918/2108/1918 1949/2137/1949 1950/2139/1950
f 1933/2077/1933 1932/2076/1932 1963/2138/1963 1964/2140/1964
f 1920/2079/1920 1919/2078/1919 1950/2139/1950 1951/2141/1951
f 1934/2080/1934 1933/2077/1933 1964/2140/1964 1965/2111/1965
f 1921/2081/1921 1920/2079/1920 1951/2141/1951 1952/2113/1952
f 1941/2118/1941 1940/2115/1940 2/1/2 3/13/3
f 1968/2119/1968 1967/2116/1967 14/5/14 15/15/15
f 1955/2120/1955 1954/2117/1954 1976/9/1976 1977/17/1977
f 1942/2121/1942 1941/2118/1941 3/13/3 4/19/4
f 1969/2122/1969 1968/2119/1968 15/15/15 1986/21/1986
f 1956/2123/1956 1955/2120/1955 1977/17/1977 11/23/11
f 1943/2124/1943 1942/2121/1942 4/19/4 1971/25/1971
f 16/2142/16 1969/2122/1969 1986/21/1986
f 1957/2126/1957 1956/2123/1956 11/23/11 12/28/12
f 1944/2127/1944 1943/2124/1943 1971/25/1971 5/30/5
f 1958/2128/1958 1957/2126/1957 12/28/12 1978/32/1978
f 1945/2129/1945 1944/2127/1944 5/30/5 6/34/6
f 1959/2130/1959 1958/2128/1958 1978/32/1978 1979/36/1979
f 1946/2131/1946 1945/2129/1945 6/34/6 1972/38/1972
f 1960/2132/1960 1959/2130/1959 1979/36/1979 1980/40/1980
f 1947/2133/1947 1946/2131/1946 1972/38/1972 1973/42/1973
f 1961/2134/1961 1960/2132/1960 1980/40/1980 1981/44/1981
f 1948/2135/1948 1947/2133/1947 1973/42/1973 7/46/7
f 1962/2136/1962 1961/2134/1961 1981/44/1981 1982/48/1982
f 1949/2137/1949 1948/2135/1948 7/46/7 8/50/8
f 1963/2138/1963 1962/2136/1962 1982/48/1982 13/52/13
f 1950/2139/1950 1949/2137/1949 8/50/8 1974/54/1974
f 1964/2140/1964 1963/2138/1963 13/52/13 1983/56/1983
f 1951/2141/1951 1950/2139/1950 1974/54/1974 9/58/9
f 1965/2111/1965 1964/2140/1964 1983/56/1983 1984/60/1984
f 1952/2113/1952 1951/2141/1951 9/58/9 10/62/10
f 1939/2110/1939 1/2143/1 1970/2/1970
f 1966/2112/1966 1965/2111/1965 1984/60/1984 1985/6/1985
f 1953/2114/1953 1952/2113/1952 10/62/10 1975/10/1975
f 1940/2115/1940 1939/2110/1939 1970/2/1970 2/1/2
f 1967/2116/1967 1966/2112/1966 1985/6/1985 14/5/14
f 1954/2117/1954 1953/2114/1953 1975/10/1975 1976/9/1976
